-- seed_medicinales.sql
-- POHApp — Seed de plantas medicinales, dolencias y pohas (tratamientos)
-- Fuentes:
--   * Ibarrola, D.A. & R.L. Degen de Arrúa (Eds.). 2011. Catálogo Ilustrado de 80 Plantas Medicinales del Paraguay. FCQ-UNA & JICA.
--   * Cáceres, M.S. & Machaín Singer, M. Manual de uso de hierbas medicinales del Paraguay. UNESCO.
--   * Basualdo, I. & Soria, N. (2014). Plantas medicinales comercializadas en el mercado municipal de Pilar, Ñeembucú. Dominguezia 30(2).
--   * MSPBS. Las enfermedades y la terapéutica de los Guaraníes en tiempo de los Jesuitas.
--
-- Convenciones:
--   * IDs reservados a partir de 10001 (fuera del rango de datos productivos).
--   * idusuario = 'SYSTEM' para todos los aportes de este seed.
--   * idautor = NULL (autor.nacimiento es NOT NULL y no disponible para autores históricos).
--     La atribución de la fuente se preserva en poha.recomendacion.
--   * img = NULL en planta (se completa manualmente por el admin).
--   * INSERT IGNORE para que la migración sea idempotente y pueda reejecutarse.
--   * estado = 'AC' (aprobado) en planta, dolencias y poha.
--
-- Ejecución sugerida:
--   mysql -u <user> -p <database> < seed_medicinales.sql

SET NAMES utf8mb4;
START TRANSACTION;

-- ------------------------------------------------------------------
-- plantas (187)
-- ------------------------------------------------------------------
INSERT IGNORE INTO planta (idplanta, nombre, descripcion, estado, img, nombre_cientifico, familia, subfamilia, habitad_distribucion, ciclo_vida, fenologia) VALUES
  (10001, 'Agosto poty', 'Hierba nativa de Paraguay; parte aérea y flor amarilla; tradicionalmente consumida el 1 de agosto.', 'AC', NULL, 'Senecio grisebachii Baker', 'Asteraceae', NULL, 'Paraguay: APY, AMA, BOQ, CAU, CAA, CAN, CEN, CON, COA, PAI, ITA, GUA, PHA, MIS, SPE.', 'Hierba', NULL),
  (10002, 'Agrial, agrial pytã', 'Hierba nativa; parte aérea carnosa; crece en zonas húmedas y boscosas del este paraguayo.', 'AC', NULL, 'Begonia cucullata Willd. var. cucullata', 'Begoniaceae', NULL, 'Paraguay: CAU, CAA, CAN, COA, PHA.', 'Hierba', NULL),
  (10003, 'Aguape puru''a', 'Hierba acuática flotante nativa; hoja, planta entera y mucílago; flores violáceas en espigas.', 'AC', NULL, 'Eichhornia crassipes (Mart.) Solms', 'Pontederiaceae', NULL, 'Paraguay: CEN, GUA, PHA, CON, SPE.', 'Hierba acuática', NULL),
  (10004, 'Altamisa''i', 'Hierba nativa aromática de hojas finamente divididas; parte aérea empleada en medicina popular.', 'AC', NULL, 'Ambrosia tenuifolia Spreng.', 'Asteraceae', NULL, 'Paraguay: CEN, PHA, AMA.', 'Hierba', NULL),
  (10005, 'Amba''y', 'Árbol aclimatado en Paraguay, de hojas palmado-lobadas; amplia distribución en zonas boscosas.', 'AC', NULL, 'Cecropia pachystachya Trécul', 'Cecropiaceae', NULL, 'Paraguay: AMA, CAA, CAN, GUA, CAU, COA, CEN, PAI, APA.', 'Árbol', NULL),
  (10006, 'Arachichu, yerba mora', 'Hierba nativa con frutos negros pequeños; hojas y frutos empleados en medicina tradicional.', 'AC', NULL, 'Solanum americanum Mill.', 'Solanaceae', NULL, 'Paraguay: APY, APA, AMA, CAA, CAN, CEN, COA, GUA, ITA, ÑEE, PAI, PHA.', 'Hierba', NULL),
  (10007, 'Batatilla', 'Hierba o subarbusto nativo con raíz tuberosa; utilizada la raíz machacada.', 'AC', NULL, 'Pfaffia glomerata (Spreng.) Pedersen', 'Amaranthaceae', NULL, 'Paraguay: APY, PAI, PHA, SPE.', 'Hierba o subarbusto', NULL),
  (10008, 'Burrito', 'Arbusto cultivado aromático; parte aérea y hojas con aceite esencial rico en monoterpenos.', 'AC', NULL, 'Aloysia polystachya (Griseb.) Moldenke', 'Verbenaceae', NULL, 'Paraguay: cultivada en CAN, CEN, COA, PAI, SPE.', 'Arbusto', NULL),
  (10009, 'Burro ka''a', 'Arbusto o árbol nativo; parte aérea, hojas y raíces usadas; amplia distribución en todo el país.', 'AC', NULL, 'Casearia sylvestris Sw.', 'Salicaceae', NULL, 'Paraguay: APA, AMA, CAA, CAN, CEN, CON, COA, GUA, ITA, MIS, ÑEE, PAI, PHA, SPE.', 'Arbusto o árbol', NULL),
  (10010, 'Calabacita', 'Enredadera nativa con frutos amargos; planta entera utilizada; crece en climas cálidos.', 'AC', NULL, 'Momordica charantia L.', 'Cucurbitaceae', NULL, 'Paraguay: APY, COA, PAI, CEN, ITA, CON, GUA, MIS.', 'Enredadera', NULL),
  (10011, 'Cangorosa, kangorosa', 'Arbusto o árbol nativo de hojas coriáceas espinosas; rama, hoja, corteza de raíz y plántula usadas.', 'AC', NULL, 'Maytenus ilicifolia Mart. ex Reissek', 'Celastraceae', NULL, 'Paraguay: APY, CAN, CEN, COA, CAU, CON, AMA, GUA, MIS, PAI, PHA.', 'Arbusto o árbol', NULL),
  (10012, 'Caña brava', 'Hierba nativa con rizoma; tallos robustos y flores blancas; crece en zonas húmedas boscosas.', 'AC', NULL, 'Costus arabicus L.', 'Costaceae', NULL, 'Paraguay: CAN, SPE, AMA, COA, CEN, PAI.', 'Hierba', NULL),
  (10013, 'Cardo santo', 'Hierba nativa espinosa con flores amarillas; planta entera, hojas, raíces y semillas utilizadas.', 'AC', NULL, 'Argemone subfusiformis G.B. Ownbey', 'Papaveraceae', NULL, 'Paraguay: APY, CEN, CON, GUA, PAI.', 'Hierba', NULL),
  (10014, 'Cedrón kapi''i', 'Hierba perenne introducida y cultivada; hojas con marcado olor a limón por su aceite esencial rico en citral.', 'AC', NULL, 'Cymbopogon citratos DC.', 'Poaceae', NULL, 'Paraguay: CAA, CEN, COA, PAI, SPE (cultivada).', 'Hierba perenne', NULL),
  (10015, 'Cedrón Paraguay', 'Arbusto aclimatado y cultivado; partes aéreas en flor aromáticas, ricas en aceite esencial.', 'AC', NULL, 'Aloysia citriodora Palau', 'Verbenaceae', NULL, 'Paraguay: cultivada en AMA, CEN, COA, GUA, CAN, PAI, SPE.', 'Arbusto', NULL),
  (10016, 'Ceibo', 'Árbol nativo con flores rojas vistosas; corteza del tallo y hojas empleadas en medicina tradicional.', 'AC', NULL, 'Erythrina crista-galli L. var. crista-galli', 'Fabaceae', NULL, 'Paraguay: APA, CAU, CAN, COA, ITA, ÑEE, PAI.', 'Árbol', NULL),
  (10017, 'Cepa caballo', 'Hierba nativa espinosa; parte aérea y raíz utilizadas; crece en suelos disturbados y campos.', 'AC', NULL, 'Xanthium spinosum L. var. spinosum', 'Asteraceae', NULL, 'Paraguay: APY, CEN, PAI, BOQ, PHA, CAU.', 'Hierba', NULL),
  (10018, 'Charrúa ka''a', 'Hierba nativa de raíz empleada en medicina popular para afecciones digestivas.', 'AC', NULL, 'Stevia entreriensis Hieron.', 'Asteraceae', NULL, 'Paraguay: APY, AMA, CON, COA, PAI, PHA, CEN.', 'Hierba', NULL),
  (10019, 'Chirca melosa', 'Hierba nativa de tallos articulados; planta entera y parte aérea usadas en decocciones.', 'AC', NULL, 'Baccharis articulata (Lam.) Pers', 'Asteraceae', NULL, 'Paraguay: APA, AMA, CAU, CEN, COA, GUA, ITA, PAI, SPE.', 'Hierba', NULL),
  (10020, 'Cola de caballo', 'Hierba nativa con tallos articulados ricos en sílice; crece en zonas húmedas y riberas.', 'AC', NULL, 'Equisetum giganteum L.', 'Equisetaceae', NULL, 'Paraguay: CAA, CAN, COA.', 'Hierba', NULL),
  (10021, 'Doctorcito', 'Arbusto nativo muy común; hojas y parte aérea con aceite esencial rico en cariofileno.', 'AC', NULL, 'Eupatorium inulifolium Kunth', 'Asteraceae', NULL, 'Paraguay: APA, AMA, CAU, CAA, CEN, COA, GUA, ITA, PAI, PHA, SPE, BOQ, CON, CAN.', 'Arbusto', NULL),
  (10022, 'Doradilla crespa', 'Helecho nativo; planta entera y parte aérea secas empleadas; frondes de folíolos crespos.', 'AC', NULL, 'Adiantopsis chlorophylla (Sw.) Fée', 'Pteridaceae', NULL, 'Paraguay: APA, AMA, CAU, CAA, CAN, CEN, COA, GUA, ITA, PHA, SPE.', 'Hierba (helecho)', NULL),
  (10023, 'Guajacán', 'Árbol nativo de madera dura; corteza usada en medicina tradicional; principalmente en el Chaco.', 'AC', NULL, 'Caesalpinia paraguariensis (D. Parodi) Burkart', 'Fabaceae', NULL, 'Paraguay: APY, CEN, CON, ÑEE, PHA, SPE.', 'Árbol', NULL),
  (10024, 'Guayaba, arasa', 'Árbol introducido y aclimatado; hojas ricas en taninos y aceite esencial; fruto comestible.', 'AC', NULL, 'Psidium guajava L.', 'Myrtaceae', NULL, 'Paraguay: APY, AMA, CAU, CAN, CEN, COA, GUA, PAI, PHA.', 'Árbol', NULL),
  (10025, 'Insulina', 'Enredadera o liana nativa; tallos, raíces y hojas empleados contra la diabetes y afecciones respiratorias.', 'AC', NULL, 'Cissus verticillata (L.) Nicolson & C.E. Jarvis', 'Vitaceae', NULL, 'Paraguay: APY, APA, AMA, CAA, CAN, CEN, CON, COA, GUA, ITA, ÑEE, PAI, PHA, SPE.', 'Enredadera o liana', NULL),
  (10026, 'Jagua rova', 'Hierba nativa con raíz tuberosa; empleada especialmente como antirreumático y antigotoso.', 'AC', NULL, 'Jatropha isabelliae Müll. Arg.', 'Euphorbiaceae', NULL, 'Paraguay: CAU, CAN, CEN, COA, MIE, PAI, SPE.', 'Hierba', NULL),
  (10027, 'Jaguarete ka''a', 'Subarbusto nativo con tallos alados trimeros; parte aérea amarga empleada como tónico digestivo.', 'AC', NULL, 'Baccharis trimera (Less.) DC.', 'Asteraceae', NULL, 'Paraguay: APA, AMA, CAU, CAA, CAN, CEN, GUA, ITA, ÑEE, PAI, SPE.', 'Subarbusto', NULL),
  (10028, 'Jaguarundi', 'Hierba nativa del sotobosque; hojas y tallos ricos en neolignanos y fenilpropanos.', 'AC', NULL, 'Piper regnellii (Miq.) C. DC.', 'Piperaceae', NULL, 'Paraguay: CAU, CAN, CEN, MIE, PAI, SPE.', 'Hierba', NULL),
  (10029, 'Jate''i ka''a', 'Hierba nativa; sumidad florida y parte aérea empleadas como digestivo y en hepatitis.', 'AC', NULL, 'Achyrocline alata (Kunth) DC.', 'Asteraceae', NULL, 'Paraguay: APY, AMA, CAU, CAA, CEN, COA, GUA.', 'Hierba', NULL),
  (10030, 'Ju''apeká', 'Enredadera o liana nativa con rizoma; tallos espinosos; raíz y tallo empleados en medicina popular.', 'AC', NULL, 'Smilax campestris Griseb.', 'Smilacaceae', NULL, 'Paraguay: CAU, CAA, CAN, CEN, COA, GUA, ITA, PAI.', 'Enredadera, liana', NULL),
  (10031, 'Juruvéva', 'Arbusto o arbolito nativo; hojas empleadas como digestivo y adelgazante.', 'AC', NULL, 'Solanum paniculatum L.', 'Solanaceae', NULL, 'Paraguay: APY, AMA, CAA, CAN, CEN, CON, ITA, MIS, SPE.', 'Arbusto o arbolito', NULL),
  (10032, 'Ka''arurupe', 'Hierba perenne nativa; raíz empleada como diurético y refrescante; flores pequeñas rosadas.', 'AC', NULL, 'Boerhavia diffusa L. var. diffusa', 'Nyctaginaceae', NULL, 'Paraguay: CAA, CEN, GUA, APY, BOQ, AMA.', 'Hierba perenne', NULL),
  (10033, 'Ka''avotyre''y', 'Planta epífita parásita nativa; planta entera y parte aérea empleadas en hepatitis.', 'AC', NULL, 'Phoradendron argentinum Urb.', 'Viscaceae', NULL, 'Paraguay: APY, CEN, CON, PHA.', 'Epífita (parásita)', NULL),
  (10034, 'Ka''a he''ẽ', 'Hierba nativa edulcorante; hojas con glucósidos diterpenoides (esteviósido); fama internacional.', 'AC', NULL, 'Stevia rebaudiana (Bertoni) Bertoni', 'Asteraceae', NULL, 'Paraguay: AMA, APA, CAN, CON, ITA, CEN.', 'Hierba', NULL),
  (10035, 'Ka''atái', 'Hierba anual nativa de zonas húmedas; planta entera y hojas empleadas; aceite esencial con poligodial.', 'AC', NULL, 'Polygonum punctatum Elliot', 'Polygonaceae', NULL, 'Paraguay: APA, APY, AMA, CAA, CAU, CAN, CEN, CON, COA, GUA, ITA, MIS, ÑEE, PAI, PHA, SPE.', 'Hierba anual', NULL),
  (10036, 'Ka''aré', 'Hierba perenne nativa aromática; aceite esencial rico en ascaridol; usada como antiparasitario.', 'AC', NULL, 'Chenopodium ambrosioides L.', 'Chenopodiaceae', NULL, 'Paraguay: APY, CAU, CAA, CEN, CON, COA, GUA, ITA, PAI, PHA.', 'Hierba perenne', NULL),
  (10037, 'Kambará, tataré morotĩ', 'Árbol nativo; hojas y parte aérea con flavonoides y derivados fenólicos; uso expectorante.', 'AC', NULL, 'Gochnatia polymorpha (Less.) Cabrera', 'Asteraceae', NULL, 'Paraguay: AMA, CAU, CAN, BOQ, COA, SPE.', 'Árbol', NULL),
  (10038, 'Kapi''i katí', 'Hierba perenne nativa de campos abiertos y húmedos; rizoma aromático empleado en medicina popular.', 'AC', NULL, 'Kyllinga vaginata Lam.', 'Cyperaceae', NULL, 'Paraguay: APA, COA, PAI.', 'Hierba perenne', NULL),
  (10039, 'Kapi''una', 'Hierba nativa cosmopolita; parte aérea empleada; flores amarillas y aquenios con aristas espinosas.', 'AC', NULL, 'Bidens pilosa L. var. pilosa', 'Asteraceae', NULL, 'Paraguay: CAU, CEN, COA, GUA, MIS, PAI.', 'Hierba', NULL),
  (10040, 'Karaguata pytã', 'Hierba nativa terrestre con hojas espinosas en roseta; fruto empleado como antiinflamatorio.', 'AC', NULL, 'Bromelia balansae Mez', 'Bromeliaceae', NULL, 'Paraguay: APY, APA, CAU, CAN, CEN, COA, GUA, ITA, PAI, SPE.', 'Hierba', NULL),
  (10041, 'Kokú', 'Arbusto o árbol nativo; hoja macerada en agua fría para afecciones hepáticas y diabetes.', 'AC', NULL, 'Allophylus edulis (St.Hil., A. Juss. et Cambess) Hieron ex Niederl.', 'Sapindaceae', NULL, 'Paraguay: APY, APA, AMA, CAU, CAA, CAN, CEN, CON, COA, GUA, MIS, PAI, PHA, SPE.', 'Arbusto o árbol', NULL),
  (10042, 'Kumanda yvyra''i', 'Arbusto cultivado; parte aérea, hojas y flores amarillas empleadas como antitusígeno.', 'AC', NULL, 'Cajanus cajan (L.) Millsp.', 'Fabaceae', NULL, 'Paraguay: cultivada en CEN, COA, PAI.', 'Arbusto', NULL),
  (10043, 'Kupa''y', 'Árbol nativo productor de oleoresina; corteza empleada contra la tos y en decocción compuesta.', 'AC', NULL, 'Copaifera langsdorffii Desf. var. langsdorffii', 'Fabaceae', NULL, 'Paraguay: AMA, CAA, CAU, CAN, CEN, COA, CON, GUA, PAI.', 'Árbol', NULL),
  (10044, 'Llantén de tierra, llantén kokue', 'Hierba nativa en roseta basal; planta entera mucilaginosa empleada como antiinflamatorio y antiespasmódico.', 'AC', NULL, 'Plantago tomentosa Lam. subsp. tomentosa', 'Plantaginaceae', NULL, 'Paraguay: APY, CAU, CAA, CEN, COA, GUA, ÑEE, PAI, PHA, SPE.', 'Hierba', NULL),
  (10045, 'Malva blanca', 'Hierba nativa; sumidad florida y corteza de raíz empleadas; flores amarillas; afecciones respiratorias.', 'AC', NULL, 'Sida cordifolia L.', 'Malvaceae', NULL, 'Paraguay: APY, AMA, CAA, CAU, COA, CEN, GUA, PAI, PHA.', 'Hierba', NULL),
  (10046, 'Mamón macho', 'Arbolito nativo, también cultivado; flores, fruto y semillas empleadas; látex con enzimas proteolíticas.', 'AC', NULL, 'Carica papaya L.', 'Caricaceae', NULL, 'Paraguay: AMA, CAU, SEN, PAI.', 'Arbolito', NULL),
  (10047, 'Marcela', 'Hierba o subarbusto nativo con inflorescencias amarillas; sumidad florida empleada como digestivo.', 'AC', NULL, 'Achyrocline satureioides (Lam) DC.', 'Asteraceae', NULL, 'Paraguay: CAU, CAA, COA, GUA, PAI.', 'Hierba, subarbusto', NULL),
  (10048, 'Mbarakaja pyapé', 'Enredadera o liana nativa con zarcillos como uñas de gato; raíz empleada como depurativo.', 'AC', NULL, 'Dolichandra unguis-cati (L.) L. G. Lohmann', 'Bignoniaceae', NULL, 'Paraguay: APY, APA, AMA, CAU, CAA, CAN, SEN, CON, COA, GUA, ITA, MIE, PAI, PHA, SPE.', 'Enredadera o liana', NULL),
  (10049, 'Mbokaja''i rapo, mbokaja ra''y rapo', 'Palmera nativa con estípite espinoso; raíz de plántula y hojas jóvenes usadas como diurético.', 'AC', NULL, 'Acrocomia aculeata (Jacq.) Lodd. ex Mart.', 'Arecaceae', NULL, 'Paraguay: AMA, CAN, CEN, COA, GUA, CON, MIS, PAI, SPE.', 'Palmera', NULL),
  (10050, 'Naranja agria, naranja hái', 'Árbol introducido aclimatado; hojas, flores y frutos empleados; aceite esencial rico en limoneno.', 'AC', NULL, 'Citrus aurantium L.', 'Rutaceae', NULL, 'Paraguay: APA, AMA, CAU, CAA, CAN, CEN, GUA, PAI.', 'Árbol', NULL),
  (10051, 'Ñandypa', 'Árbol nativo con frutos grandes; hoja y corteza empleadas como antidiabético y para colesterol.', 'AC', NULL, 'Genipa americana L.', 'Rubiaceae', NULL, 'Paraguay: AMA, CAN, CEN, CON, PAI, PHA.', 'Árbol', NULL),
  (10052, 'Ñangapiry', 'Arbusto o árbol nativo con frutos rojos acostillados (pitanga); hojas empleadas como hipotensor.', 'AC', NULL, 'Eugenia uniflora L.', 'Myrtaceae', NULL, 'Paraguay: APY, AMA, CAU, CAA, CAN, CEN, CON, COA, GUA, PAI, PHA, SPE.', 'Arbusto o árbol', NULL),
  (10053, 'Ñuatipytã', 'Hierba o subarbusto perenne nativo espinoso; raíz empleada como antihipertensivo y diurético.', 'AC', NULL, 'Solanum sisymbriifolium Lam.', 'Solanaceae', NULL, 'Paraguay: APY, CEN, COA, ÑEE, PAI, PHA.', 'Hierba o subarbusto perenne', NULL),
  (10054, 'Palo azul', 'Arbusto nativo endémico del Chaco; parte aérea empleada como diurético y antihipertensivo.', 'AC', NULL, 'Cyclolepis genistoides D. Don', 'Asteraceae', NULL, 'Paraguay: APY, PHA.', 'Arbusto', NULL),
  (10055, 'Palo Santo', 'Árbol nativo chaqueño de madera aromática; tallo y aserrín empleados como antilipídico.', 'AC', NULL, 'Bulnesia sarmientoi Lorentz ex Griseb.', 'Zygophyllaceae', NULL, 'Paraguay: APY, PHA.', 'Árbol', NULL),
  (10056, 'Para para''i', 'Hierba nativa pequeña; planta entera usada en infusión para eliminar cálculos renales.', 'AC', NULL, 'Phyllanthus orbiculatus Rich.', 'Euphorbiaceae', NULL, 'Paraguay: APA, CEN, COA, AMA, GUA, PAI.', 'Hierba', NULL),
  (10057, 'Paratodo', 'Árbol nativo de flores amarillas; corteza del tallo empleada como antipirético y antiinflamatorio.', 'AC', NULL, 'Tabebuia aurea (Silva Manso) Benth. & Hook. F. ex S. Moore', 'Bignoniaceae', NULL, 'Paraguay: AMA, APY, CAN, COA, CON, PHA.', 'Árbol', NULL),
  (10058, 'Pata de buey', 'Árbol nativo con hojas bilobuladas en forma de pezuña; hojas empleadas como hipoglucemiante.', 'AC', NULL, 'Bauhinia forficata Link subsp. pruinosa (Vogel) Fortunato & Wunderlin', 'Fabaceae', NULL, 'Paraguay: APA, CAU, COA, ITA, CAN, CEN.', 'Árbol', NULL),
  (10059, 'Patito, ypemi, buche de pavo', 'Enredadera perenne nativa con flores acampanadas; tallo y hojas como antirreumático y antimicótico.', 'AC', NULL, 'Aristolochia gibertii Hook.', 'Aristolochiaceae', NULL, 'Paraguay: BOQ, CAN, CEN, COA, ITA, PAI.', 'Enredadera perenne', NULL),
  (10060, 'Perdudilla blanca', 'Hierba perenne nativa con inflorescencias blancas; planta entera y raíz empleadas como refrescante.', 'AC', NULL, 'Gomphrena celosioides Mart. var. celosioides', 'Amaranthaceae', NULL, 'Paraguay: APA, CEN, BOQ, CON, CAA, COA, PAI, PHA.', 'Hierba perenne', NULL),
  (10061, 'Perdudilla negra', 'Hierba nativa; planta entera en infusión o decocción contra hepatitis y antidiarreico.', 'AC', NULL, 'Alternanthera ficoidea (L.) P. Beauv.', 'Amaranthaceae', NULL, 'Paraguay: APY, CEN, PHA.', 'Hierba', NULL),
  (10062, 'Pindó', 'Palmera arbórea nativa; raíz de la planta joven empleada como diurético y antihipertensivo.', 'AC', NULL, 'Syagrus romanzoffiana (Cham.) Glassman', 'Arecaceae', NULL, 'Paraguay: APA, AMA, CON, CAN, CEN, COA, GUA, PAI, SPE.', 'Palmera arbórea', NULL),
  (10063, 'Poleo''i', 'Arbusto nativo aromático; parte aérea y hojas empleadas como digestivo y antiespasmódico.', 'AC', NULL, 'Aloysia gratissima (Gillies & Hook.) Tronc.', 'Verbenaceae', NULL, 'Paraguay: APY, AMA, CAA, CEN, COA, GUA, ITA, PAI, PHA, SPE.', 'Arbusto', NULL),
  (10064, 'Pyno guasu', 'Arbusto nativo urticante; raíz y planta entera empleadas como antiinflamatorio y antidiabético.', 'AC', NULL, 'Urera baccifera (L.) Gaudich. ex Wedd.', 'Urticaceae', NULL, 'Paraguay: APY, APA, AMA, CAU, CAA, CAN, CEN, COA, GUA, ITA, PAI, SPE.', 'Arbusto', NULL),
  (10065, 'Pyno''i', 'Hierba anual nativa urticante; parte aérea empleada para la circulación de la sangre.', 'AC', NULL, 'Urtica spathulata Sm.', 'Urticaceae', NULL, 'Paraguay: CEN, COA.', 'Hierba anual', NULL),
  (10066, 'Quebracho blanco', 'Árbol nativo chaqueño de madera dura; corteza y aserrín empleados como astringente y antipirético.', 'AC', NULL, 'Aspidosperma quebracho-blanco Schltdl.', 'Apocynaceae', NULL, 'Paraguay: APY, CEN, CON, ÑEE, PAI, BOQ, PHA.', 'Árbol', NULL),
  (10067, 'Sangre de drago', 'Árbol nativo con látex rojizo; hoja, corteza y látex empleados contra cáncer y úlceras cutáneas.', 'AC', NULL, 'Croton urucurana Baill.', 'Euphorbiaceae', NULL, 'Paraguay: APA, APY, AMA, CAU, CAA, CAN, CEN, CON, COA, GUA, ITA, PAI.', 'Árbol', NULL),
  (10068, 'Santa Lucía hovy', 'Hierba anual nativa con flores azules; planta entera y flores empleadas contra conjuntivitis y piel.', 'AC', NULL, 'Commelina diffusa Burm. F.', 'Commelinaceae', NULL, 'Paraguay: AMA, CAU, CEN, CON, COA, MIS, GUA, PAI.', 'Hierba anual', NULL),
  (10069, 'Santa Lucía morotĩ', 'Hierba anual nativa de hojas anchas; raíz y mucílago empleados como refrescante y antiinflamatorio.', 'AC', NULL, 'Commelina platyphylla Klotzsch ex Seub.', 'Commelinaceae', NULL, 'Paraguay: APY, CAU, CEN, COA, PAI, PHA.', 'Hierba anual', NULL),
  (10070, 'Sará morotĩ', 'Árbol nativo; corteza del tallo empleada como antidiabético.', 'AC', NULL, 'Citharexylum myrianthum Cham.', 'Verbenaceae', NULL, 'Paraguay: APA, CAU, CAN, CEN, COA, PAI, MIS, SPE.', 'Árbol', NULL),
  (10071, 'Siete sangría, perchicaria', 'Hierba nativa con flores pequeñas; parte aérea empleada contra hipertensión y afecciones cardíacas.', 'AC', NULL, 'Cuphea racemosa (L.f.) Spreng.', 'Lythraceae', NULL, 'Paraguay: APA, CAU, CAA, CEN, CAN, COA, GUA, MIS, ITA, PAI, PHA.', 'Hierba', NULL),
  (10072, 'Tapekue', 'Hierba anual nativa postrada; planta entera empleada como antiinflamatorio y para heridas.', 'AC', NULL, 'Acanthospermum australe (Loefl.) Kuntze', 'Asteraceae', NULL, 'Paraguay: APA, AMA, CAU, CAA, CEN, COA, ITA, MIS, PAI, SPE.', 'Hierba anual', NULL),
  (10073, 'Urusu he''ẽ', 'Enredadera perenne nativa; raíz empleada como expectorante, antitusígeno y antipirético.', 'AC', NULL, 'Rhynchosia edulis Griseb.', 'Fabaceae', NULL, 'Paraguay: APY, CAA, CAU, CEN, COA, GUI, CON, MIS, PAI.', 'Enredadera perenne', NULL),
  (10074, 'Yerba de lucero', 'Hierba perenne nativa aromática; parte aérea empleada como digestivo y antidiarreico.', 'AC', NULL, 'Pluchea sagittalis (Lam.) Cabrera', 'Asteraceae', NULL, 'Paraguay: APY, AMA, BOQ, CAA, CAU, CEN, COA, CON, GUA, PAI, PHA.', 'Hierba perenne', NULL),
  (10075, 'Yerba mate, ka''a', 'Árbol nativo icónico; hoja con metilxantinas y polifenoles; base del mate y el tereré.', 'AC', NULL, 'Ilex paraguariensis A. St.-Hil.', 'Aquifoliaceae', NULL, 'Paraguay: APA, AMA, CAU, CAN, CEN, GUA, ITA, MIS, SPE.', 'Árbol', NULL),
  (10076, 'Ysypo mil hombre, mil hombre', 'Enredadera o liana nativa; tallo con lignanos y diterpenos empleado como antirreumático.', 'AC', NULL, 'Aristolochia triangularis Cham.', 'Aristolochiaceae', NULL, 'Paraguay: APA, CAA, CON, COA, PAI.', 'Enredadera, liana', NULL),
  (10077, 'Yva hái', 'Árbol nativo con frutos comestibles; hoja seca empleada como antidiabético y carminativo.', 'AC', NULL, 'Hexachlamys edulis (O.Berg) Kausel & D. Legrand', 'Myrtaceae', NULL, 'Paraguay: APA, APY, AMA, CAN, CEN, CON, COA, GUA, ITA, MIS, PAI.', 'Árbol', NULL),
  (10078, 'Yvyra pytã', 'Árbol nativo de flores amarillas; corteza empleada para afecciones respiratorias y como desinfectante.', 'AC', NULL, 'Peltophorum dubium (Spreng.) Taub.', 'Fabaceae', NULL, 'Paraguay: APA, AMA, CAU, CAA, CAN, COA, GUA, ITA, PAI.', 'Árbol', NULL),
  (10079, 'Zarzamora', 'Arbusto o enredadera nativo; raíz y rizoma empleados como antisifilítico y depurativo.', 'AC', NULL, 'Muehlenbeckia sagittifolia (Ortega) Meisn.', 'Polygonaceae', NULL, 'Paraguay: APY, CEN, COA, GUA, PHA, SPE.', 'Arbusto, enredadera', NULL),
  (10080, 'Zarzaparrilla', 'Enredadera nativa; raíz macerada en agua fría empleada como diurético y refrescante.', 'AC', NULL, 'Herreria montevidensis Klotzsch ex Griseb.', 'Herreriaceae', NULL, 'Paraguay: APY, APA, BOQ, SPE.', 'Enredadera', NULL),
  (10081, 'Aguape puru''a', 'Hierba acuática de hojas en roseta aterciopeladas; usada como refrescante hepática por la medicina popular.', 'AC', NULL, 'Pistia stratiotes L.', 'Araceae', NULL, 'Planta acuática flotante de esteros, lagunas y remansos de Paraguay; comercializada en mercados de Ñeembucú.', 'Perenne acuática.', NULL),
  (10082, 'Canchalagua kokue', 'Pequeña iridácea de flores azuladas; usada como depurativo de la sangre.', 'AC', NULL, 'Sisyrinchium sp.', 'Iridaceae', NULL, 'Herbácea de campos y praderas húmedas de Paraguay.', 'Perenne herbácea.', NULL),
  (10083, 'Kapi''i katĩ', 'Hierba graminoide aromática; empleada contra lombrices y como remedio refrescante.', 'AC', NULL, 'Scleria distans Poir.', 'Cyperaceae', NULL, 'Ciperácea de campos y humedales de Ñeembucú y regiones tropicales.', 'Perenne herbácea.', NULL),
  (10084, 'Corazón de India', 'Árbol de fruto grande espinoso (guanábana); usado para colesterol, adelgazar y como anticancerígeno popular.', 'AC', NULL, 'Annona muricata L.', 'Annonaceae', NULL, 'Árbol cultivado en huertos tropicales del Paraguay.', 'Perenne arbórea.', NULL),
  (10085, 'Durazno azul', 'Rosácea frutal; sus hojas se emplean para dolor de garganta, granos e infecciones cutáneas.', 'AC', NULL, 'Prunus persica L.', 'Rosaceae', NULL, 'Árbol frutal cultivado en huertos familiares del Paraguay.', 'Perenne arbórea caducifolia.', NULL),
  (10086, 'Falso tilo', 'Malpighiácea de flores amarillas; usada como tranquilizante en infusión.', 'AC', NULL, 'Heteropteris angustifolia Griseb.', 'Malpighiaceae', NULL, 'Arbusto de campos y bordes de bosque del Paraguay.', 'Perenne arbustiva.', NULL),
  (10087, 'Jaguarete po', 'Asterácea de flores anaranjadas llamativas; usada para diabetes y colesterol.', 'AC', NULL, 'Tithonia rotundifolia (Mill.) S.F. Blake', 'Asteraceae', NULL, 'Hierba robusta de bordes de camino y terrenos perturbados.', 'Anual a perenne corta.', NULL),
  (10088, 'Ka''a piky', 'Urticácea diminuta sin pelos urticantes; refrescante y diurética.', 'AC', NULL, 'Parietaria debilis Forst.', 'Urticaceae', NULL, 'Hierba pequeña de sitios sombreados y húmedos.', 'Anual herbácea.', NULL),
  (10089, 'Mbarakaya nambi', 'Convolvulácea de hojas reniformes (oreja de gato); empleada contra dolor de garganta, fiebre y resfrío.', 'AC', NULL, 'Dichondra repens Forst.', 'Convolvulaceae', NULL, 'Hierba rastrera común en jardines y praderas.', 'Perenne rastrera.', NULL),
  (10090, 'Menta', 'Labiada aromática; usada como calmante de los nervios y para dolor de corazón.', 'AC', NULL, 'Mentha sp.', 'Labiatae', NULL, 'Hierba cultivada en huertos familiares del Paraguay.', 'Perenne herbácea.', NULL),
  (10091, 'Palo amargo', 'Corteza de sabor amargo utilizada como hipoglucemiante en la medicina popular paraguaya.', 'AC', NULL, NULL, NULL, NULL, 'Especie leñosa comercializada en el mercado de Pilar; identidad botánica no precisada en la fuente.', 'Perenne leñosa.', NULL),
  (10092, 'Perdudilla', 'Amarantácea de inflorescencias globosas; empleada como refrescante y diurética.', 'AC', NULL, 'Gomphrena decumbens Jacq.', 'Amaranthaceae', NULL, 'Hierba de campos abiertos y terrenos arenosos del Paraguay.', 'Perenne herbácea.', NULL),
  (10093, 'Suico', 'Asterácea muy aromática de flores amarillentas; usada para flatulencia y gastritis.', 'AC', NULL, 'Tagetes minuta L.', 'Asteraceae', NULL, 'Hierba aromática ruderal frecuente en cultivos y bordes de camino.', 'Anual herbácea.', NULL),
  (10094, 'Suruvina', 'Crisobalanácea de flores grandes; empleada en la medicina popular contra el cáncer y como hipoglucemiante.', 'AC', NULL, 'Couepia grandiflora (Mart. & Zucc.) Benth.', 'Chrysobalanaceae', NULL, 'Árbol o arbusto de sabanas y cerrados del Paraguay oriental.', 'Perenne arbórea.', NULL),
  (10095, 'Toro rati', 'Asterácea de frutos espinosos; empleada para amigdalitis, faringitis y problemas renales.', 'AC', NULL, 'Acicarpha tribuloides Juss.', 'Asteraceae', NULL, 'Hierba rastrera de terrenos arenosos y ruderales del Paraguay.', 'Anual herbácea.', NULL),
  (10096, 'Turu tu''i', 'Eryngium de hojas espinosas y flores azuladas; usada como digestivo y hepático.', 'AC', NULL, 'Eryngium elegans Cham & Schltdl.', 'Apiaceae', NULL, 'Apiácea de campos húmedos y praderas del Paraguay.', 'Perenne herbácea.', NULL),
  (10097, 'Uña de gato', 'Bignoniácea trepadora con zarcillos en garra; usada como diurético y desinflamante.', 'AC', NULL, 'Macfadiena sp.', 'Bignoniaceae', NULL, 'Liana de bosques húmedos subtropicales.', 'Perenne leñosa trepadora.', NULL),
  (10098, 'Yatai', 'Palmera con frutos amarillos dulces; usada como energizante en la medicina popular de Ñeembucú.', 'AC', NULL, 'Butia yatay (Mart.) Becc.', 'Arecaceae', NULL, 'Palmera nativa de campos y sabanas arenosas del sur paraguayo.', 'Perenne arbórea.', NULL),
  (10099, 'Ybyratai', 'Rutácea conocida como jaborandí; usada para colesterol avanzado.', 'AC', NULL, 'Pilocarpus pennatifolius Lam.', 'Rutaceae', NULL, 'Árbol pequeño de bosques húmedos subtropicales del Paraguay.', 'Perenne arbórea.', NULL),
  (10100, 'Falso azafrán', 'Cártamo de flores anaranjadas; usado en la medicina popular para tratar la hepatitis.', 'AC', NULL, 'Carthamus tinctorius L.', 'Asteraceae', NULL, 'Hierba cultivada ocasionalmente como ornamental y tintórea.', 'Anual herbácea.', NULL),
  (10101, 'Ajenjo', 'Asterácea amarga de follaje plateado; empleada como antidiabético.', 'AC', NULL, 'Artemisia absinthium L.', 'Asteraceae', NULL, 'Hierba aromática cultivada en huertos familiares.', 'Perenne herbácea.', NULL),
  (10102, 'Borraja', 'Boraginácea de flores azules estrelladas; usada como antitusivo y expectorante.', 'AC', NULL, 'Borago officinalis L.', 'Boraginaceae', NULL, 'Hierba cultivada en huertos del Paraguay.', 'Anual herbácea.', NULL),
  (10103, 'Boldorã', 'Labiada de hojas carnosas aromáticas; usada como digestivo hepático.', 'AC', NULL, 'Plectranthus barbatus Andrews', 'Labiatae', NULL, 'Arbusto cultivado en jardines y huertos familiares.', 'Perenne herbácea a subarbustiva.', NULL),
  (10104, 'Tarope', 'Morácea rizomatosa pequeña; refrescante y antirreumática; también empleada como sudorífico por los Guaraníes.', 'AC', NULL, 'Dorstenia brasiliensis Lam.', 'Moraceae', NULL, 'Hierba de sotobosque de bosques húmedos del Paraguay oriental.', 'Perenne herbácea.', NULL),
  (10105, 'Romero', 'Labiada aromática de hojas lineares; usada para afecciones cardíacas.', 'AC', NULL, 'Rosmarinus officinalis L.', 'Labiatae', NULL, 'Arbusto cultivado en huertos familiares.', 'Perenne arbustiva.', NULL),
  (10106, 'Mitã kuña rague', 'Milenrama de hojas muy divididas; usada como emenagogo, diurético y antipirético.', 'AC', NULL, 'Achillea millefolium L.', 'Asteraceae', NULL, 'Hierba cultivada y subespontánea en el Paraguay.', 'Perenne herbácea.', NULL),
  (10107, 'Ruda', 'Rutácea de olor fuerte; usada como emenagogo y abortivo.', 'AC', NULL, 'Ruta graveolens L.', 'Rutaceae', NULL, 'Arbusto cultivado en jardines y patios paraguayos.', 'Perenne subarbustiva.', NULL),
  (10108, 'Rosa mosqueta', 'Rosácea trepadora; usada como laxante y purgante.', 'AC', NULL, 'Rosa banksiae Aiton', 'Rosaceae', NULL, 'Arbusto cultivado como ornamental en huertos y jardines.', 'Perenne arbustiva.', NULL),
  (10109, 'Salviarã', 'Verbenácea aromática; usada como antiespasmódico en dolores menstruales.', 'AC', NULL, 'Lippia alba (Mill.) N.E. Br.', 'Verbenaceae', NULL, 'Arbusto aromático de campos y cultivado en huertos.', 'Perenne arbustiva.', NULL),
  (10110, 'Hinojo', 'Apiácea aromática; usada como diurético.', 'AC', NULL, 'Foeniculum vulgare Willd.', 'Apiaceae', NULL, 'Hierba cultivada en huertos familiares paraguayos.', 'Perenne herbácea.', NULL),
  (10111, 'Mburukuya', 'Pasiflorácea de flores llamativas; usada como tranquilizante y calmante.', 'AC', NULL, 'Passiflora sp.', 'Passifloraceae', NULL, 'Liana de bosques y cultivada por su fruto y propiedades medicinales.', 'Perenne trepadora.', NULL),
  (10112, 'Teju ka''a', 'Asterácea de hojas opuestas; usada para afecciones del corazón y como antiparasitario.', 'AC', NULL, 'Eupatorium sp.', 'Asteraceae', NULL, 'Arbusto o hierba de campos y bordes de bosque del Paraguay.', 'Perenne subarbustiva.', NULL),
  (10113, 'Kambará', 'Buddlejácea de flores amarillas fragantes; usada como antitusivo y expectorante.', 'AC', NULL, 'Buddleja madagascariensis Lam.', 'Buddlejaceae', NULL, 'Arbusto ornamental naturalizado en el Paraguay.', 'Perenne arbustiva.', NULL),
  (10114, 'Hierba de pollo', 'Amarantácea con espinas en las inflorescencias; usada como diurético, depurativo y contra el empacho infantil.', 'AC', NULL, 'Alternanthera pungens HBK', 'Amaranthaceae', NULL, 'Hierba rastrera ruderal de caminos y patios.', 'Perenne rastrera.', NULL),
  (10115, 'Kamba akã', 'Esterculiácea de frutos globosos verrugosos; usada como antidiabético.', 'AC', NULL, 'Guasuma ulmifolia Lam.', 'Sterculiaceae', NULL, 'Árbol de bosques secos y galerías del Paraguay.', 'Perenne arbórea.', NULL),
  (10116, 'Granada', 'Litrácea de frutos rojos con muchas semillas; la cáscara se usa como antidiarreico guaraní.', 'AC', NULL, 'Punica granatum L.', 'Lythraceae', NULL, 'Arbusto frutal cultivado en huertos familiares.', 'Perenne arbustiva.', NULL),
  (10117, 'Yvapurũ', 'Mirtácea de frutos negros caulinares; empleada por los Guaraníes contra la diarrea.', 'AC', NULL, 'Plinia cauliflora (Mart.) Kausel', 'Myrtaceae', NULL, 'Árbol nativo de los bosques subtropicales del Paraguay oriental (jaboticaba).', 'Perenne arbórea.', NULL),
  (10118, 'Contrayerba', 'Morácea de rizoma aromático; usada por los Guaraníes contra infecciones y picaduras de animales ponzoñosos.', 'AC', NULL, 'Dorstenia contrajerva L.', 'Moraceae', NULL, 'Hierba rizomatosa de bosques subtropicales americanos.', 'Perenne herbácea.', NULL),
  (10119, 'Guavira', 'Mirtácea de frutos amarillos aromáticos; sus hojas y flores se usan para infecciones, heridas y afecciones oculares.', 'AC', NULL, 'Campomanesia xanthocarpa O.Berg', 'Myrtaceae', NULL, 'Árbol o arbusto de campos y cerrados del Paraguay oriental.', 'Perenne arbórea.', NULL),
  (10120, 'Santa Lucía', 'Rubiácea de flores blancas en verticilos; empleada por los Guaraníes para infecciones y afecciones oculares.', 'AC', NULL, 'Borreria verticillata (L.) G.Mey.', 'Rubiaceae', NULL, 'Hierba ruderal de campos y praderas del Paraguay.', 'Perenne herbácea.', NULL),
  (10121, 'Guayako', 'Zigofilácea de madera resinosa; empleada por los Guaraníes contra el reumatismo.', 'AC', NULL, 'Guayacum officinale L.', 'Zygophyllaceae', NULL, 'Árbol de maderas duras de zonas subtropicales.', 'Perenne arbórea.', NULL),
  (10122, 'Kaarova', 'Hierba utilizada por los Guaraníes contra el reumatismo.', 'AC', NULL, NULL, NULL, NULL, 'Planta de la flora paraguaya mencionada en la farmacopea guaraní.', NULL, NULL),
  (10123, 'Kalaguala', 'Polipodiácea de rizoma medicinal; empleada por los Guaraníes contra el reumatismo.', 'AC', NULL, 'Polypodium calaguala Ruiz', 'Polypodiaceae', NULL, 'Helecho epífito de bosques húmedos sudamericanos.', 'Perenne herbácea.', NULL),
  (10124, 'Kaáhái', 'Begoniácea muy común; recetada por médicos indígenas durante epidemias de malaria.', 'AC', NULL, 'Begonia sp.', 'Begoniaceae', NULL, 'Hierba de bosques húmedos y barrancas sombrías del Paraguay.', 'Perenne herbácea.', NULL),
  (10125, 'Taperyvá', 'Fabácea empleada por los médicos indígenas contra las tercianas (paludismo) y el catarro.', 'AC', NULL, 'Cassia sp.', 'Fabaceae', NULL, 'Árbol o arbusto del género Cassia en bosques y campos del Paraguay.', 'Perenne leñosa.', NULL),
  (10126, 'Tapekue', 'Empleada por los Guaraníes contra el paludismo y para curar heridas.', 'AC', NULL, NULL, NULL, NULL, 'Planta de la flora paraguaya mencionada en los registros jesuíticos.', NULL, NULL),
  (10127, 'Urukú', 'Bixácea de semillas rojas; empleada por los Guaraníes como repelente de mosquitos mezclada con aceite de palma.', 'AC', NULL, 'Bixa orellana L.', 'Bixaceae', NULL, 'Arbusto de bosques tropicales americanos, cultivado en el Paraguay.', 'Perenne arbustiva.', NULL),
  (10128, 'Ka''á tai', 'Hierba usada por los indígenas para luchar contra la leishmaniosis y curar heridas.', 'AC', NULL, NULL, NULL, NULL, 'Planta silvestre mencionada en la medicina guaraní.', NULL, NULL),
  (10129, 'Ipecacuana', 'Rubiácea de raíz emética; usada por los tupíes contra la disentería amebiana.', 'AC', NULL, 'Carapichea ipecacuanha (Brot.) L.Andersson', 'Rubiaceae', NULL, 'Hierba de bosques húmedos sudamericanos usada por los tupíes.', 'Perenne herbácea.', NULL),
  (10130, 'Aguaraiva', 'Anacardiácea resinosa; base del Bálsamo de Misiones de Asperger para heridas, granos y sarnas.', 'AC', NULL, 'Schinus molle L.', 'Anacardiaceae', NULL, 'Árbol nativo de laderas y campos sudamericanos.', 'Perenne arbórea.', NULL),
  (10131, 'Aguara ponda', 'Hierba utilizada por los Guaraníes como calmante.', 'AC', NULL, NULL, NULL, NULL, 'Planta mencionada en la farmacopea guaraní-jesuita.', NULL, NULL),
  (10132, 'Syiñandy', 'Empleada por los Guaraníes como calmante.', 'AC', NULL, NULL, NULL, NULL, 'Planta de la flora paraguaya citada en los manuscritos jesuíticos.', NULL, NULL),
  (10133, 'Andausu', 'Hierba usada por los Guaraníes como laxante.', 'AC', NULL, NULL, NULL, NULL, 'Planta mencionada en la farmacopea guaraní.', NULL, NULL),
  (10134, 'Mba''ysyvo', 'Empleada por los Guaraníes como laxante.', 'AC', NULL, NULL, NULL, NULL, 'Planta de la flora paraguaya citada en los manuscritos jesuíticos.', NULL, NULL),
  (10135, 'Juasy''y', 'Hierba usada por los Guaraníes como expectorante.', 'AC', NULL, NULL, NULL, NULL, 'Planta citada en los manuscritos jesuíticos del Paraguay.', NULL, NULL),
  (10136, 'Kumanda yvyra''i', 'Empleada por los Guaraníes como expectorante.', 'AC', NULL, NULL, NULL, NULL, 'Leñosa del Paraguay citada por los jesuitas.', NULL, NULL),
  (10137, 'Malva blanca', 'Malvácea de flores amarillas; usada por los Guaraníes como expectorante.', 'AC', NULL, 'Waltheria indica L.', 'Malvaceae', NULL, 'Hierba subarbustiva ruderal del Paraguay.', 'Perenne subarbustiva.', NULL),
  (10138, 'Kokũ', 'Usada por los Guaraníes como hepático.', 'AC', NULL, NULL, NULL, NULL, 'Planta de la flora paraguaya citada en los manuscritos guaraní-jesuitas.', NULL, NULL),
  (10139, 'Mbói ka''á', 'Usada por los Guaraníes para picaduras y mordeduras de animales ponzoñosos.', 'AC', NULL, NULL, NULL, NULL, 'Hierba de la flora paraguaya citada en la farmacopea guaraní.', NULL, NULL),
  (10140, 'Petỹ', 'Solanácea de hojas grandes; usada por los Guaraníes para heridas, picaduras y mordeduras ponzoñosas.', 'AC', NULL, 'Nicotiana tabacum L.', 'Solanaceae', NULL, 'Hierba cultivada en el Paraguay y América tropical.', 'Anual herbácea.', NULL),
  (10141, 'Kurupika''y', 'Euforbiácea de látex blanco; usada por los Guaraníes contra picaduras y mordeduras ponzoñosas.', 'AC', NULL, 'Sapium haematospermum Müll.Arg.', 'Euphorbiaceae', NULL, 'Árbol de galerías y humedales del Paraguay.', 'Perenne arbórea.', NULL),
  (10142, 'Ñambi', 'Usada por los Guaraníes contra picaduras y mordeduras de animales ponzoñosos.', 'AC', NULL, NULL, NULL, NULL, 'Planta citada por los jesuitas en su materia médica guaraní.', NULL, NULL),
  (10143, 'Zanahoria', 'Apiácea de raíz anaranjada; usada por los Guaraníes para afecciones oculares.', 'AC', NULL, 'Daucus carota L.', 'Apiaceae', NULL, 'Hortaliza cultivada en huertos familiares del Paraguay.', 'Bienal herbácea.', NULL),
  (10144, 'Yerba plateada', 'Empleada por los jesuitas para lavar heridas frescas y llagas; evita la putrefacción en forma de emplasto.', 'AC', NULL, NULL, NULL, NULL, 'Hierba citada en los manuscritos jesuíticos para curación de llagas.', NULL, NULL),
  (10145, 'Yerba balsámica', 'Empleada para curar heridas, llagas, quemaduras y escoriaciones como licor balsámico.', 'AC', NULL, NULL, NULL, NULL, 'Planta citada en los manuscritos jesuíticos de Montenegro y Asperger.', NULL, NULL),
  (10146, 'Güembé', 'Arácea de hojas grandes pinnadas; su corteza sobre brasas se usa como hemostático guaraní.', 'AC', NULL, 'Philodendron bipinnatifidum Schott', 'Araceae', NULL, 'Aroide trepador de bosques húmedos del Paraguay oriental.', 'Perenne trepadora.', NULL),
  (10147, 'Cardo Naayoyo', 'Empleada por los Guaraníes contra lombrices, escorbuto y calenturas en niños.', 'AC', NULL, NULL, NULL, NULL, 'Hierba citada en la materia médica guaraní-jesuita.', NULL, NULL),
  (10148, 'Uru-katú', 'Orquidácea de flores vistosas; usada por los Guaraníes como antiespasmódico.', 'AC', NULL, 'Catasetum fimbriatum Lindl.', 'Orchidaceae', NULL, 'Orquídea epífita de bosques subtropicales del Paraguay.', 'Perenne epífita.', NULL),
  (10149, 'Batatilla', 'Sus raíces cocidas y machacadas se aplicaban sobre heridas y llagas; también para calenturas y dolores.', 'AC', NULL, 'Solanum commersonii Dun. ex Poir.', 'Solanáceas', NULL, 'Planta mencionada en la materia médica jesuítica del Paraguay.', NULL, NULL),
  (10150, 'Doradilla', 'Pteridofita usada por los Guaraníes para regular menstruaciones dolorosas.', 'AC', NULL, 'Anemia tomentosa (Savigny) Sw.', 'Anemiaceae', NULL, 'Helecho de rocas y barrancas del Paraguay.', 'Perenne herbácea.', NULL),
  (10151, 'Canchalagua', 'Asterácea fina muy amarga; usada por los Guaraníes para menstruaciones dolorosas.', 'AC', NULL, 'Schkuhria pinnata (Lam.) Kuntze', 'Asteraceae', NULL, 'Hierba de campos y bordes de camino del Paraguay.', 'Anual herbácea.', NULL),
  (10152, 'Guaviramí', 'Mirtácea aromática de frutos amarillos; empleada por los Guaraníes para el catarro.', 'AC', NULL, 'Campomanesia pubescens (DC.) O.Berg', 'Myrtaceae', NULL, 'Arbusto de cerrados y campos del Paraguay oriental.', 'Perenne arbustiva.', NULL),
  (10153, 'Achicoria', 'Achikória. Se usan raíces y hojas. Digestivo, laxante suave, diurético, aperitivo y vermífugo.', 'AC', NULL, 'Cichorium intybus L.', 'Compuestas', NULL, NULL, NULL, NULL),
  (10154, 'Albahaca', 'Hojas y sumidades floridas. Digestivo, carminativo, antiemético, galactógeno, antitusivo, analgésico y sedante.', 'AC', NULL, 'Ocimum basilicum L.', 'Labiadas', NULL, NULL, NULL, NULL),
  (10155, 'Aloe Vera', 'Sinónimo: Acíbar. Se usa el zumo por incisión de las hojas. Tónico digestivo, colagogo, laxante; externo emoliente y vulnerario.', 'AC', NULL, 'Aloe vera L.', 'Liliáceas', NULL, NULL, NULL, NULL),
  (10156, 'Amargón', 'Chikória morotî, diente de león, achicoria blanca. Raíces y hojas. Tónico, digestivo, diurético, laxante suave, depurativo.', 'AC', NULL, 'Taraxacum dens-lenis Desf.', 'Compuestas', NULL, NULL, NULL, NULL),
  (10157, 'Anís', 'Anís verde, matalahúva. Frutos y semillas. Aperitivo, digestivo, carminativo, espasmolítico, expectorante, galactógeno.', 'AC', NULL, 'Pimpinella anisum L.', 'Umbelíferas', NULL, NULL, NULL, NULL),
  (10158, 'Berro', 'Hojas y partes aéreas. Aperitivo, vitamínico, diurético, estimulante del cuero cabelludo, antitusivo y expectorante.', 'AC', NULL, 'Nasturtium officinale R. Br.', 'Crucíferas', NULL, NULL, NULL, NULL),
  (10159, 'Boldo', 'Hojas. Protector hepático, digestivo, colerético, antiinflamatorio y diurético.', 'AC', NULL, 'Peumus boldus Molina', 'Monimiáceas', NULL, NULL, NULL, NULL),
  (10160, 'Burrito', 'Té de burro. Hojas. Digestivo, carminativo, protector hepático.', 'AC', NULL, 'Wenatia calycina Griseb.', 'Geraniáceas', NULL, NULL, NULL, NULL),
  (10161, 'Cardo Santo', 'Cardo bendito. Planta entera. Aperitivo, digestivo, antibiótico, diurético, febrífugo, hipoglucemiante y antirreumático.', 'AC', NULL, 'Cnicus benedictus L.', 'Compuestas', NULL, NULL, NULL, NULL),
  (10162, 'Cedrón', 'Cedrón Paraguay, cidrón, hierba Luisa, pacholí. Hojas y planta florida. Digestivo, sudorífico, carminativo y espasmolítico.', 'AC', NULL, 'Lippia citriodora H. B. & K.', 'Verbenáceas', NULL, NULL, NULL, NULL),
  (10163, 'Cola de caballo', 'Cabaliña, yerba de platero, barba de bagre. Tallos estériles. Remineralizante, cicatrizante, astringente y diurético.', 'AC', NULL, 'Equisetum arvense L.', 'Equisetáceas', NULL, NULL, NULL, NULL),
  (10164, 'Culantrillo', 'Kulantrillo, doradilla, capilaria. Parte aérea. Pectoral, febrífugo, emenagogo, antirreumático; fortifica el cuero cabelludo.', 'AC', NULL, 'Adiantum capillus-veneris L.', 'Polipodiáceas', NULL, NULL, NULL, NULL),
  (10165, 'Eneldo', 'Apio silvestre. Frutos. Carminativo, espasmolítico, digestivo; ligeramente diurético y galactógeno.', 'AC', NULL, 'Anethum graveolens Ucria.', 'Umbelíferas', NULL, NULL, NULL, NULL),
  (10166, 'Eucalipto', 'Hojas de ramas viejas (filodios). Febrífugo, expectorante y antiséptico.', 'AC', NULL, 'Eucalyptus globulus Labill.', 'Mirtáceas', NULL, NULL, NULL, NULL),
  (10167, 'Kapi’i kati', 'Jahape, jasape. Raíces. Digestivo, carminativo, antiespasmódico, diurético, sudorífero; desinfectante genito-urinario.', 'AC', NULL, 'Killyngia odorata Vahl.', 'Ciperáceas', NULL, NULL, NULL, NULL),
  (10168, 'Karanda’y', 'Palma de Caranday, palma negra. Raíces. Diurético y depurativo.', 'AC', NULL, 'Copernicia australis Becc.', 'Palmáceas', NULL, NULL, NULL, NULL),
  (10169, 'Kuratu', 'Kuratû, cilantro, culantro. Hojas y semillas. Aperitivo, digestivo, carminativo; antineurálgico y sudorífico.', 'AC', NULL, 'Coriandrum sativum L.', 'Umbelíferas', NULL, NULL, NULL, NULL),
  (10170, 'Lino', 'Linaza, lino azul. Semillas. Desinfectante de vías respiratorias y genito-urinarias, antiinflamatorio y laxante.', 'AC', NULL, 'Linum usitatissimum L.', 'Lináceas', NULL, NULL, NULL, NULL),
  (10171, 'Llantén', 'Llantén blanco, llantén suave. Hojas y planta entera. Eupéptico, digestivo, antiséptico, antidisentérico y antiinflamatorio.', 'AC', NULL, 'Plantago major L.', 'Plantagináceas', NULL, NULL, NULL, NULL),
  (10172, 'Malva', 'Malva grande. Hojas y flores. Anticatarral, expectorante, antiinflamatorio, laxante, diurético suave y emoliente.', 'AC', NULL, 'Malva sylvestris L.', 'Malváceas', NULL, NULL, NULL, NULL),
  (10173, 'Manzanilla', 'Camomilla, manzanilla inglesa. Hojas, flores y planta entera. Antiinflamatorio, antimicrobiano, carminativo, espasmolítico, antiulceroso y sedante.', 'AC', NULL, 'Matricaria chamomilla L.', 'Compuestas', NULL, NULL, NULL, NULL),
  (10174, 'Ñangapiry', 'Pitanga. Hojas. Digestivo, tónico y estomacal.', 'AC', NULL, 'Schmidelia edulis A. St. Hil.', 'Sapindáceas', NULL, NULL, NULL, NULL),
  (10175, 'Orégano', 'Sumidades floridas. Tónico, digestivo y antiespasmódico; externo antiséptico y cicatrizante.', 'AC', NULL, 'Origanum vulgare L.', 'Labiadas', NULL, NULL, NULL, NULL),
  (10176, 'Ortiga', 'Pyno, ortiga blanca, chichicaste. Hojas y sumidades floridas. Tónico, astringente, antiséptico, demulcente y hemostático suave.', 'AC', NULL, 'Lamium album L.', 'Labiadas', NULL, NULL, NULL, NULL),
  (10177, 'Para para’i', 'Karova, karova del Sur. Corteza, leño y hojas. Depurativo, diurético, antirreumático, cicatrizante.', 'AC', NULL, 'Jacaranda cuspidifolia Mart.', 'Bignoniáceas', NULL, NULL, NULL, NULL),
  (10178, 'Perejil', 'Frutos, hojas y raíces. Refrescante, depurativo, diurético y emenagogo.', 'AC', NULL, 'Petroselinum crispum (Mill.) A.W.Hill.', 'Umbelíferas', NULL, NULL, NULL, NULL),
  (10179, 'Poleo', 'Poleo de Castilla. Hojas y sumidades floridas. Digestivo, tónico estomacal, carminativo, antiasmático y expectorante.', 'AC', NULL, 'Lippia ligustrina O. Kuntze var. paraguayensis', 'Verbenáceas', NULL, NULL, NULL, NULL),
  (10180, 'Salvia', 'Té indígena, hierba sagrada. Hojas y sumidades floridas. Antiséptico, digestivo, emenagogo, antisudoral; externo antiinflamatorio y cicatrizante.', 'AC', NULL, 'Salvia officinalis L.', 'Labiadas', NULL, NULL, NULL, NULL),
  (10181, 'Sauco', 'Hojas, frutos, corteza y flores. Flores: diuréticas, antirreumáticas y sudoríficas. Frutos: purgantes y antirreumáticos.', 'AC', NULL, 'Sambucus australis Cham. & Schlecht.', 'Caprifoliáceas', NULL, NULL, NULL, NULL),
  (10182, 'Sen', 'Hojas y frutos. Purgante ligero, indicado en estreñimiento.', 'AC', NULL, 'Cassia angustifolia Vahl.', 'Leguminosas', NULL, NULL, NULL, NULL),
  (10183, 'Tilo', 'Tila, tilo de Castilla. Flores. Tranquilizante, digestivo, antitusivo, antiespasmódico y sudorífico.', 'AC', NULL, 'Tilia europea L.', 'Tiliáceas', NULL, NULL, NULL, NULL),
  (10184, 'Tomillo', 'Salsero, tomillo vulgar. Sumidades floridas. Estimulante del apetito, colerético, espasmolítico, expectorante, antiséptico, diurético, antihelmíntico, antifúngico.', 'AC', NULL, 'Thymus vulgaris L.', 'Labiadas', NULL, NULL, NULL, NULL),
  (10185, 'Toronjil', 'Melisa, toronjina. Hojas y sumidades floridas. Aperitivo, digestivo, carminativo, espasmolítico, sedante suave, antiséptico, colerético, cicatrizante.', 'AC', NULL, 'Melissa officinalis L.', 'Labiadas', NULL, NULL, NULL, NULL),
  (10186, 'Verbena', 'Yerba sagrada. Hojas y tallos tiernos. Aromático, digestivo, astringente, vermífugo y sedante suave.', 'AC', NULL, 'Verbena bonariensis L.', 'Verbenáceas', NULL, NULL, NULL, NULL),
  (10187, 'Zarzaparrilla', 'Raíces. Depurativa y diurética; usada en enfermedades renales, venéreas, artritis, reumatismo, gota y ácido úrico.', 'AC', NULL, 'Smilax aspera L.', 'Liliáceas', NULL, NULL, NULL, NULL);

-- ------------------------------------------------------------------
-- dolencias (68)
-- ------------------------------------------------------------------
INSERT IGNORE INTO dolencias (iddolencias, descripcion, estado) VALUES
  (10001, 'Abortivo', 'AC'),
  (10002, 'Adelgazante', 'AC'),
  (10003, 'Afecciones de garganta', 'AC'),
  (10004, 'Afrodisíaco', 'AC'),
  (10005, 'Analgésico', 'AC'),
  (10006, 'Antialérgico', 'AC'),
  (10007, 'Antianémico', 'AC'),
  (10008, 'Antiasmático', 'AC'),
  (10009, 'Anticancerígeno', 'AC'),
  (10010, 'Anticonceptivo', 'AC'),
  (10011, 'Anticonvulsivo', 'AC'),
  (10012, 'Antidiabético', 'AC'),
  (10013, 'Antidiarreico', 'AC'),
  (10014, 'Antiespasmódico', 'AC'),
  (10015, 'Antigastrítico', 'AC'),
  (10016, 'Antigotoso', 'AC'),
  (10017, 'Antigripal', 'AC'),
  (10018, 'Antihemorroidal', 'AC'),
  (10019, 'Antihipertensivo', 'AC'),
  (10020, 'Antiinflamatorio', 'AC'),
  (10021, 'Antileishmaniásico', 'AC'),
  (10022, 'Antilitiásico', 'AC'),
  (10023, 'Antimalárico', 'AC'),
  (10024, 'Antimicrobiano', 'AC'),
  (10025, 'Antimicótico', 'AC'),
  (10026, 'Antiofídico', 'AC'),
  (10027, 'Antiparasitario', 'AC'),
  (10028, 'Antipirético', 'AC'),
  (10029, 'Antirreumático', 'AC'),
  (10030, 'Antisifilítico', 'AC'),
  (10031, 'Antiséptico', 'AC'),
  (10032, 'Antitusivo', 'AC'),
  (10033, 'Antiulceroso', 'AC'),
  (10034, 'Antivaricoso', 'AC'),
  (10035, 'Aperitivo', 'AC'),
  (10036, 'Astringente', 'AC'),
  (10037, 'Broncodilatador', 'AC'),
  (10038, 'Cardiotónico', 'AC'),
  (10039, 'Carminativo', 'AC'),
  (10040, 'Cicatrizante', 'AC'),
  (10041, 'Colagogo', 'AC'),
  (10042, 'Colerético', 'AC'),
  (10043, 'Depurativo', 'AC'),
  (10044, 'Dermatológico', 'AC'),
  (10045, 'Desinflamante', 'AC'),
  (10046, 'Diaforético', 'AC'),
  (10047, 'Digestivo', 'AC'),
  (10048, 'Diurético', 'AC'),
  (10049, 'Emenagogo', 'AC'),
  (10050, 'Emoliente', 'AC'),
  (10051, 'Empacho infantil', 'AC'),
  (10052, 'Estimulante', 'AC'),
  (10053, 'Expectorante', 'AC'),
  (10054, 'Galactógeno', 'AC'),
  (10055, 'Hemostático', 'AC'),
  (10056, 'Hepatoprotector', 'AC'),
  (10057, 'Hipocolesterolemiante', 'AC'),
  (10058, 'Laxante', 'AC'),
  (10059, 'Odontálgico', 'AC'),
  (10060, 'Oftálmico', 'AC'),
  (10061, 'Pohã aku (remedio caliente guaraní)', 'AC'),
  (10062, 'Pohã pochy (remedio peligroso guaraní)', 'AC'),
  (10063, 'Purgante', 'AC'),
  (10064, 'Refrescante', 'AC'),
  (10065, 'Repelente de insectos', 'AC'),
  (10066, 'Rubefaciente', 'AC'),
  (10067, 'Sedante', 'AC'),
  (10068, 'Tónico', 'AC');

-- ------------------------------------------------------------------
-- poha (319)
-- ------------------------------------------------------------------
INSERT IGNORE INTO poha (idpoha, preparado, estado, mate, terere, te, recomendacion, idautor, idusuario) VALUES
  (10001, 'Infusión de la parte aérea; tradicionalmente consumida el 1 de agosto.', 'AC', 0, 0, 1, 'Planta tóxica (toxicidad hepática) por alcaloides pirrolizidínicos; uso con precaución. Fuente: Ibarrola & Degen (2011).', NULL, 'SYSTEM'),
  (10002, 'Parte aérea machacada y mezclada con agua del tereré (maceración en agua fría).', 'AC', 0, 1, 0, 'Indicado como refrescante, contra inflamaciones de vejiga y fiebre, incluida la del paludismo. Fuente: Ibarrola & Degen (2011).', NULL, 'SYSTEM'),
  (10003, 'Sumo o jugo de las hojas aplicado tópicamente sobre verrugas, lunares salientes y heridas.', 'AC', 0, 0, 0, 'Uso tópico para verrugas, lunares y heridas. Fuente: Ibarrola & Degen (2011).', NULL, 'SYSTEM'),
  (10004, 'Raíz empleada para aliviar el dolor de muelas.', 'AC', 0, 0, 0, 'Uso local contra dolor de muelas. Fuente: Ibarrola & Degen (2011).', NULL, 'SYSTEM'),
  (10005, 'Planta entera empleada en decocción o infusión contra afecciones hepáticas.', 'AC', 0, 0, 1, 'Indicada para afecciones hepáticas y como refrescante. Fuente: Ibarrola & Degen (2011).', NULL, 'SYSTEM'),
  (10006, 'Infusión de flores (al 10 por 1000) empleada como febrífugo y diurético.', 'AC', 0, 0, 1, 'Infusión floral para bajar la fiebre y aumentar la diuresis. Fuente: Ibarrola & Degen (2011).', NULL, 'SYSTEM'),
  (10007, 'Mucílago aplicado tópicamente sobre forúnculos y abscesos.', 'AC', 0, 0, 0, 'Uso tópico del mucílago sobre piel inflamada. Fuente: Ibarrola & Degen (2011).', NULL, 'SYSTEM'),
  (10008, 'Infusión de la parte aérea fresca; también se bebe para normalizar la digestión y contra el dolor de cabeza.', 'AC', 0, 0, 1, 'Uso popular como abortivo y antipirético; planta tóxica, evaluar con precaución. Fuente: Ibarrola & Degen (2011).', NULL, 'SYSTEM'),
  (10009, 'Decocción de 15 g de hojas en 1 litro de agua; se bebe 3 tazas al día.', 'AC', 0, 0, 1, 'Indicado contra tos, bronquitis y afecciones respiratorias; a veces combinado con Piper regnellii. Fuente: Ibarrola & Degen (2011).', NULL, 'SYSTEM'),
  (10010, 'Frutos machacados aplicados sobre llagas; hojas empleadas externamente contra afecciones de piel.', 'AC', 0, 0, 0, 'Uso tópico para herpes, fuego de San Antonio y llagas. Fuente: Ibarrola & Degen (2011).', NULL, 'SYSTEM'),
  (10011, 'Frutos ingeridos como antiparasitario interno; hojas en infusión para trastornos digestivos y ginecológicos.', 'AC', 0, 0, 1, 'Uso interno para parásitos y molestias digestivas; monitorear toxicidad. Fuente: Ibarrola & Degen (2011).', NULL, 'SYSTEM'),
  (10012, 'Tubérculos machacados tomados en el tereré (maceración en agua fría).', 'AC', 0, 1, 0, 'Indicada como refrescante, diurético y para afecciones de vías urinarias. Fuente: Ibarrola & Degen (2011).', NULL, 'SYSTEM'),
  (10013, 'Infusión o decocción de la parte aérea y hojas.', 'AC', 0, 0, 1, 'Indicado como digestivo, protector hepático, control de hipertensión y acidez; también acción ansiolítica. Fuente: Ibarrola & Degen (2011).', NULL, 'SYSTEM'),
  (10014, 'Decocción de hojas empleada en baños de inmersión para reumatismo, sarna, eczema y parálisis.', 'AC', 0, 0, 0, 'Uso externo en baños de inmersión para reuma y afecciones de piel. Fuente: Ibarrola & Degen (2011).', NULL, 'SYSTEM'),
  (10015, 'Infusión de raíz y hojas como tónico y antiespasmódico; maceración en agua fría para bajar colesterol.', 'AC', 0, 1, 1, 'Uso interno como tónico, antiespasmódico y antisifilítico; también hipocolesterolémico. Fuente: Ibarrola & Degen (2011).', NULL, 'SYSTEM'),
  (10016, 'Planta entera fresca empleada contra la diabetes y el colesterol.', 'AC', 0, 0, 1, 'Indicada como antidiabético; dosis altas producen vómitos, diarrea e hipotensión en humanos. Fuente: Ibarrola & Degen (2011).', NULL, 'SYSTEM'),
  (10017, 'Planta entera empleada contra hemorroides; también como abortivo y emenagogo.', 'AC', 0, 0, 1, 'Uso popular en hemorroides; evitar en embarazo por acción abortiva. Fuente: Ibarrola & Degen (2011).', NULL, 'SYSTEM'),
  (10018, 'Corteza de raíz empleada para purificar la sangre y contra úlceras y cáncer.', 'AC', 0, 0, 1, 'Indicada como anticanceroso, antiulceroso y depurativo; corteza de raíz también abortiva. Fuente: Ibarrola & Degen (2011).', NULL, 'SYSTEM'),
  (10019, 'Decocción de las hojas para lavar heridas; ramas y hojas frescas como vulnerario.', 'AC', 0, 0, 0, 'Uso externo como cicatrizante, analgésico y antiséptico. Fuente: Ibarrola & Degen (2011).', NULL, 'SYSTEM'),
  (10020, 'Plántula empleada para regular la fertilidad e inducir la menstruación.', 'AC', 0, 0, 1, 'Indicada para regular el ciclo menstrual; también como sedante y depurativo. Fuente: Ibarrola & Degen (2011).', NULL, 'SYSTEM'),
  (10021, 'Decocción o infusión de la parte aérea.', 'AC', 0, 0, 1, 'Indicada como diurético, depurativo y emenagogo; también para cálculos renales y nefritis. Fuente: Ibarrola & Degen (2011).', NULL, 'SYSTEM'),
  (10022, 'Decocción de parte aérea empleada externamente para lavar úlceras y heridas.', 'AC', 0, 0, 0, 'Uso tópico en lavado de úlceras y heridas. Fuente: Ibarrola & Degen (2011).', NULL, 'SYSTEM'),
  (10023, 'Rizomas empleados contra afecciones o dolores estomacales y úlceras.', 'AC', 0, 0, 1, 'Uso interno para úlceras y afecciones estomacales. Fuente: Ibarrola & Degen (2011).', NULL, 'SYSTEM'),
  (10024, 'Infusión de planta entera, raíz y semilla.', 'AC', 0, 0, 1, 'Indicada como abortivo, emenagogo y diurético; semillas tóxicas en humanos. Fuente: Ibarrola & Degen (2011).', NULL, 'SYSTEM'),
  (10025, 'Raíces y hojas en infusión empleadas como antiasmático y para la circulación.', 'AC', 0, 0, 1, 'Uso tradicional como antiasmático; hojas hepatotóxicas en ratas. Fuente: Ibarrola & Degen (2011).', NULL, 'SYSTEM'),
  (10026, 'Infusión o mate caliente de las hojas; también en tereré (maceración en agua fría).', 'AC', 1, 1, 1, 'Indicado como tranquilizante, digestivo y antiespasmódico; también en afecciones cardíacas leves. Fuente: Ibarrola & Degen (2011).', NULL, 'SYSTEM'),
  (10027, 'Partes aéreas en flor preparadas en infusión o mate.', 'AC', 1, 0, 1, 'Indicada como digestivo, tónico, antiespasmódico y tranquilizante en taquicardia. Fuente: Ibarrola & Degen (2011).', NULL, 'SYSTEM'),
  (10028, 'Corteza hervida o en baños de asiento y de vapor.', 'AC', 0, 0, 0, 'Uso tópico para lavar heridas; también astringente y contra dolores óseos. Fuente: Ibarrola & Degen (2011).', NULL, 'SYSTEM'),
  (10029, 'Hojas secas y cortezas en infusión para el mal de garganta.', 'AC', 0, 0, 1, 'Uso interno para mal de garganta y como desinfectante y sedante. Fuente: Ibarrola & Degen (2011).', NULL, 'SYSTEM'),
  (10030, 'Corteza hervida tomada en mate caliente.', 'AC', 1, 0, 0, 'Uso popular como anticancerígeno en mate. Fuente: Ibarrola & Degen (2011).', NULL, 'SYSTEM'),
  (10031, 'Parte aérea en infusión, mate o tereré.', 'AC', 1, 1, 1, 'Indicado como diurético, para circulación sanguínea e infecciones. Fuente: Ibarrola & Degen (2011).', NULL, 'SYSTEM'),
  (10032, 'Raíz machacada empleada como té o maceración.', 'AC', 0, 1, 1, 'Uso popular como febrífugo, depurativo y refrescante; también para desagrado a la bebida. Fuente: Ibarrola & Degen (2011).', NULL, 'SYSTEM'),
  (10033, 'Raíz empleada en medicina popular para diarrea, digestión y flatulencia.', 'AC', 0, 0, 1, 'Indicada como antidiarreico y digestivo. Fuente: Ibarrola & Degen (2011).', NULL, 'SYSTEM'),
  (10034, 'Planta entera empleada en infusión contra cólicos, como expectorante y depurativo.', 'AC', 0, 0, 1, 'Indicada contra cólicos, diabetes, colesterol, ácido úrico y afecciones hepáticas. Fuente: Ibarrola & Degen (2011).', NULL, 'SYSTEM'),
  (10035, 'Parte aérea en infusión o decocción.', 'AC', 0, 0, 1, 'Indicada como diurético potente; también antiprostático y para afecciones pulmonares. Fuente: Ibarrola & Degen (2011).', NULL, 'SYSTEM'),
  (10036, 'Decocción empleada externamente para lavado de heridas, herpes y llagas.', 'AC', 0, 0, 0, 'Uso tópico para desinfectar heridas y piel. Fuente: Ibarrola & Degen (2011).', NULL, 'SYSTEM'),
  (10037, 'Parte aérea hervida en infusión; también en mate u oté.', 'AC', 1, 0, 1, 'Indicada como digestivo y contra dolor de estómago y cólicos. Fuente: Ibarrola & Degen (2011).', NULL, 'SYSTEM'),
  (10038, 'Planta entera seca empleada en infusión.', 'AC', 0, 0, 1, 'Indicada como abortivo y depurativo para limpiar el organismo. Fuente: Ibarrola & Degen (2011).', NULL, 'SYSTEM'),
  (10039, 'Corteza empleada en infusión o decocción.', 'AC', 0, 0, 1, 'Indicada como antiespasmódico, antidiabético y para afecciones urinarias. Fuente: Ibarrola & Degen (2011).', NULL, 'SYSTEM'),
  (10040, 'Hojas hervidas con otras cortezas empleadas contra faringitis y afecciones respiratorias.', 'AC', 0, 0, 1, 'Uso en decocción combinada para faringitis, llagas y leishmaniasis. Fuente: Ibarrola & Degen (2011).', NULL, 'SYSTEM'),
  (10041, 'Tallos, raíces y hojas empleados en decocción o infusión.', 'AC', 0, 0, 1, 'Indicada como antiinflamatorio, contra tos, asma y catarro. Fuente: Ibarrola & Degen (2011).', NULL, 'SYSTEM'),
  (10042, 'Hojas empleadas contra la diabetes en infusión.', 'AC', 0, 0, 1, 'Uso popular como hipoglucemiante (origen del nombre ''insulina''). Fuente: Ibarrola & Degen (2011).', NULL, 'SYSTEM'),
  (10043, 'Raíz macerada o en decocción.', 'AC', 0, 0, 1, 'Indicada contra ácido úrico, reuma y como hipotensor; también emenagogo y abortivo. Fuente: Ibarrola & Degen (2011).', NULL, 'SYSTEM'),
  (10044, 'Parte aérea amarga en infusión.', 'AC', 0, 0, 1, 'Indicada como digestivo amargo, tónico y diurético; también emenagogo y abortivo. Fuente: Ibarrola & Degen (2011).', NULL, 'SYSTEM'),
  (10045, 'Hojas frescas en infusión o decocción; también con tallos machacados.', 'AC', 0, 0, 1, 'Indicada contra tos, bronquitis, asma y afecciones respiratorias. Fuente: Ibarrola & Degen (2011).', NULL, 'SYSTEM'),
  (10046, 'Hojas y tallos machacados en infusión.', 'AC', 0, 0, 1, 'Uso para aliviar dolores de muelas, diarreas y digestiones pesadas. Fuente: Ibarrola & Degen (2011).', NULL, 'SYSTEM'),
  (10047, 'Sumidad florida y parte aérea en infusión caliente.', 'AC', 0, 0, 1, 'Indicada en hepatitis, digestión lenta, flatulencia y como remedio caliente. Fuente: Ibarrola & Degen (2011).', NULL, 'SYSTEM'),
  (10048, 'Raíz empleada en decocción contra reuma, gota y sífilis.', 'AC', 0, 0, 1, 'Uso como diurético potente, sudorífico, abortivo y hemostático. Fuente: Ibarrola & Degen (2011).', NULL, 'SYSTEM'),
  (10049, 'Tallos empleados en infusión como digestivo.', 'AC', 0, 0, 1, 'Indicada como digestivo, refrescante y para gastritis y dolores de estómago. Fuente: Ibarrola & Degen (2011).', NULL, 'SYSTEM'),
  (10050, 'Hojas en infusión o decocción.', 'AC', 0, 0, 1, 'Indicada como digestivo, adelgazante y contra ictericia, hepatitis y fiebres intermitentes. Fuente: Ibarrola & Degen (2011).', NULL, 'SYSTEM'),
  (10051, 'Hojas empleadas en infusión como estimulante digestivo.', 'AC', 0, 0, 1, 'Uso contra diabetes, hipertensión; infecciones y úlceras. Fuente: Ibarrola & Degen (2011).', NULL, 'SYSTEM'),
  (10052, 'Raíz empleada en infusión y en tereré.', 'AC', 0, 1, 1, 'Indicada como diurético, refrescante, para vías urinarias, cálculos renales e ictericia. Fuente: Ibarrola & Degen (2011).', NULL, 'SYSTEM'),
  (10053, 'Parte aérea empleada en decocción.', 'AC', 0, 0, 1, 'Uso popular para hepatitis, enfermedades hepáticas y venéreas. Fuente: Ibarrola & Degen (2011).', NULL, 'SYSTEM'),
  (10054, 'Hojas en decocción bebidas como té durante el día o en mate.', 'AC', 1, 0, 1, 'Indicada como antidiabético, edulcorante natural y estomáquico. Fuente: Ibarrola & Degen (2011).', NULL, 'SYSTEM'),
  (10055, 'Hojas en infusión o mate.', 'AC', 1, 0, 1, 'Uso tradicional para hipertensión. Fuente: Ibarrola & Degen (2011).', NULL, 'SYSTEM'),
  (10056, 'Hojas frescas en decocción para sarna y hongos; jugo fresco tópico contra picaduras.', 'AC', 0, 0, 0, 'Uso tópico para sarna, hongos, picaduras y como vulnerario. Fuente: Ibarrola & Degen (2011).', NULL, 'SYSTEM'),
  (10057, 'Maceración fría o infusión caliente en tereré, mate u oté.', 'AC', 1, 1, 1, 'Indicado contra hemorroides, parásitos intestinales y como diurético. Fuente: Ibarrola & Degen (2011).', NULL, 'SYSTEM'),
  (10058, 'Infusión o decocción de hojas, parte aérea, semillas o planta entera.', 'AC', 0, 0, 1, 'Indicada como antiparasitario; también para fiebre. Monitorear toxicidad. Fuente: Ibarrola & Degen (2011).', NULL, 'SYSTEM'),
  (10059, 'Parte aérea machacada y macerada con agua, empleada en baños por los maka.', 'AC', 0, 0, 0, 'Uso externo en baños para reducir picazón y prurito. Fuente: Ibarrola & Degen (2011).', NULL, 'SYSTEM'),
  (10060, 'Decocción o infusión de las hojas y parte aérea.', 'AC', 0, 0, 1, 'Indicado como antitusígeno, expectorante y emoliente en afecciones respiratorias. Fuente: Ibarrola & Degen (2011).', NULL, 'SYSTEM'),
  (10061, 'Rizoma machacado empleado en mate o tereré.', 'AC', 1, 1, 0, 'Indicado como diaforético, diurético y en tratamiento de diabetes y parásitos intestinales. Fuente: Ibarrola & Degen (2011).', NULL, 'SYSTEM'),
  (10062, 'Parte aérea en infusión.', 'AC', 0, 0, 1, 'Indicada como expectorante y contra cólicos. Fuente: Ibarrola & Degen (2011).', NULL, 'SYSTEM'),
  (10063, 'Parte aérea en decocción.', 'AC', 0, 0, 1, 'Uso popular como abortivo, anticonceptivo, diurético y en enfermedades hepáticas. Fuente: Ibarrola & Degen (2011).', NULL, 'SYSTEM'),
  (10064, 'Fruto empleado como antiinflamatorio.', 'AC', 0, 0, 0, 'Indicado como antiinflamatorio; también efecto hipotensor documentado. Fuente: Ibarrola & Degen (2011).', NULL, 'SYSTEM'),
  (10065, 'Hoja en maceración en agua fría o tereré.', 'AC', 0, 1, 0, 'Indicada para ictericia, afecciones hepáticas, estímulo biliar y diabetes. Fuente: Ibarrola & Degen (2011).', NULL, 'SYSTEM'),
  (10066, 'Hoja tomada en tereré como refrescante y digestivo.', 'AC', 0, 1, 0, 'Uso en tereré para digestión lenta y refrescante. Fuente: Ibarrola & Degen (2011).', NULL, 'SYSTEM'),
  (10067, 'Hojas y flores en infusión.', 'AC', 0, 0, 1, 'Indicada como antitusígeno y en estados gripales. Fuente: Ibarrola & Degen (2011).', NULL, 'SYSTEM'),
  (10068, 'Corteza empleada en decocción con zarzaparrilla, verdolaga y tupasy kamby.', 'AC', 0, 0, 1, 'Uso en decocción compuesta contra tos y leishmaniasis (kuru vai). Fuente: Ibarrola & Degen (2011).', NULL, 'SYSTEM'),
  (10069, 'Planta entera en infusión o decocción.', 'AC', 0, 0, 1, 'Indicada como antiespasmódico, antiinflamatorio gástrico y para leucorrea. Fuente: Ibarrola & Degen (2011).', NULL, 'SYSTEM'),
  (10070, 'Uso externo de la planta entera sobre úlceras de la piel y eczemas.', 'AC', 0, 0, 0, 'Aplicación tópica para úlceras cutáneas y eczemas. Fuente: Ibarrola & Degen (2011).', NULL, 'SYSTEM'),
  (10071, 'Raíz empleada en mate contra el enfriamiento y como expectorante.', 'AC', 1, 0, 0, 'Indicada como expectorante, antitusígeno y contra mal de garganta. Fuente: Ibarrola & Degen (2011).', NULL, 'SYSTEM'),
  (10072, 'Hojas, tallos y flores en decocción.', 'AC', 0, 0, 1, 'Uso contra catarro, gripe y afecciones de vías urinarias e inflamación de ovarios. Fuente: Ibarrola & Degen (2011).', NULL, 'SYSTEM'),
  (10073, 'Fruto consumido fresco.', 'AC', 0, 0, 0, 'Uso como digestivo y laxante suave. Fuente: Ibarrola & Degen (2011).', NULL, 'SYSTEM'),
  (10074, 'Flores secas en infusión (flores masculinas para tos convulsa y asma).', 'AC', 0, 0, 1, 'Indicada contra tos común, tos convulsa y asma. Fuente: Ibarrola & Degen (2011).', NULL, 'SYSTEM'),
  (10075, 'Semillas secas o en polvo ingeridas; también sumo del fruto con miel.', 'AC', 0, 0, 0, 'Uso como vermífugo y purgante. Fuente: Ibarrola & Degen (2011).', NULL, 'SYSTEM'),
  (10076, 'Sumidad florida en infusión.', 'AC', 0, 0, 1, 'Indicada como antiespasmódico, digestivo y en apendicitis; también para menstruaciones. Fuente: Ibarrola & Degen (2011).', NULL, 'SYSTEM'),
  (10077, 'Sumidad florida empleada externamente en lavajes vaginales contra el flujo.', 'AC', 0, 0, 0, 'Uso tópico en lavajes para flujo vaginal. Fuente: Ibarrola & Degen (2011).', NULL, 'SYSTEM'),
  (10078, 'Raíz fresca o seca, machacada o hervida; también en agua fría.', 'AC', 0, 1, 1, 'Indicada como emenagogo, anticanceroso, antirreumático y depurativo. Fuente: Ibarrola & Degen (2011).', NULL, 'SYSTEM'),
  (10079, 'Decocción de 20-30 g de raíz por litro de agua, usada en gárgaras.', 'AC', 0, 0, 0, 'Uso en gárgaras para afecciones de amígdalas y garganta. Fuente: Ibarrola & Degen (2011).', NULL, 'SYSTEM'),
  (10080, 'Raíz de la planta joven en decocción o tereré; maceración en agua fría.', 'AC', 0, 1, 1, 'Indicada como diurético, abortivo y emenagogo; también para enfermedades renales. Fuente: Ibarrola & Degen (2011).', NULL, 'SYSTEM'),
  (10081, 'Hoja en infusión.', 'AC', 0, 0, 1, 'Indicada como tranquilizante, digestivo y para afecciones nerviosas. Fuente: Ibarrola & Degen (2011).', NULL, 'SYSTEM'),
  (10082, 'Hojas frescas empleadas en baños de asiento.', 'AC', 0, 0, 0, 'Uso tópico como emoliente y contra hemorroides. Fuente: Ibarrola & Degen (2011).', NULL, 'SYSTEM'),
  (10083, 'Hoja y corteza en decocción.', 'AC', 0, 0, 1, 'Indicada como antidiabético, hipocolesterolémico, hipotensor y adelgazante. Fuente: Ibarrola & Degen (2011).', NULL, 'SYSTEM'),
  (10084, 'Fruto en decocción; zumo del fruto aplicado a heridas; raíz cocida como purgante.', 'AC', 0, 0, 1, 'Uso como depurativo, antirreumático y purgante; zumo tópico para heridas. Fuente: Ibarrola & Degen (2011).', NULL, 'SYSTEM'),
  (10085, 'Hojas frescas o secas en infusión o decocción.', 'AC', 0, 0, 1, 'Indicada como hipotensor, para colesterol y diabetes; también adelgazante. Fuente: Ibarrola & Degen (2011).', NULL, 'SYSTEM'),
  (10086, 'Hojas machacadas tomadas en tereré; infusión para carminativo.', 'AC', 0, 1, 1, 'Uso en tereré para afecciones hepáticas y como digestivo. Fuente: Ibarrola & Degen (2011).', NULL, 'SYSTEM'),
  (10087, 'Infusión o decocción de hojas en gárgaras.', 'AC', 0, 0, 0, 'Gárgaras para tratar amigdalitis, dolor e inflamación de garganta. Fuente: Ibarrola & Degen (2011).', NULL, 'SYSTEM'),
  (10088, 'Infusión o decocción de la corteza de la raíz.', 'AC', 0, 0, 1, 'Indicada como antihipertensivo y diurético; actividad confirmada experimentalmente. Fuente: Ibarrola & Degen (2011).', NULL, 'SYSTEM'),
  (10089, 'Raíz empleada como emenagogo y abortivo en decocción.', 'AC', 0, 0, 1, 'Uso popular para enfermedades renales y regulación menstrual. Fuente: Ibarrola & Degen (2011).', NULL, 'SYSTEM'),
  (10090, 'Hojas en infusión; flores en infusión contra la tos.', 'AC', 0, 0, 1, 'Uso como analgésico, antifebril y para manchas del cutis y tos. Fuente: Ibarrola & Degen (2011).', NULL, 'SYSTEM'),
  (10091, 'Partes aéreas en infusión o decocción.', 'AC', 0, 0, 1, 'Indicada para riñones, como diurético, antihipertensivo y antirreumático. Fuente: Ibarrola & Degen (2011).', NULL, 'SYSTEM'),
  (10092, 'Madera o tallo en decocción.', 'AC', 0, 0, 1, 'Indicado como sudorífico, depurativo, diurético, antifebril y antisifilítico. Fuente: Ibarrola & Degen (2011).', NULL, 'SYSTEM'),
  (10093, 'Aserrín de madera con agua en pasta; aplicado sobre heridas.', 'AC', 0, 0, 0, 'Uso tópico como vulnerario y cicatrizante; los maka lo usan contra heridas de pirañas. Fuente: Ibarrola & Degen (2011).', NULL, 'SYSTEM'),
  (10094, 'Tallo en decocción o maceración.', 'AC', 0, 0, 1, 'Uso en decocción para bajar colesterol; maceración como antiinflamatorio. Fuente: Ibarrola & Degen (2011).', NULL, 'SYSTEM'),
  (10095, 'Planta entera en infusión, decocción, con mate o maceración en agua fría.', 'AC', 1, 1, 1, 'Indicada para eliminar cálculos renales y como diurético. Fuente: Ibarrola & Degen (2011).', NULL, 'SYSTEM'),
  (10096, 'Corteza seca en decocción.', 'AC', 0, 0, 1, 'Indicada como antipirético, antiinflamatorio, expectorante, antidiarreico y estomáquico. Fuente: Ibarrola & Degen (2011).', NULL, 'SYSTEM'),
  (10097, 'Corteza del tallo en infusión o decocción.', 'AC', 0, 0, 1, 'Uso para afecciones estomacales, como antiulceroso, adelgazante y para golpes. Fuente: Ibarrola & Degen (2011).', NULL, 'SYSTEM'),
  (10098, 'Hojas frescas en decocción o tereré.', 'AC', 0, 1, 1, 'Indicada para afecciones hepáticas, renales y como hipoglucemiante. Fuente: Ibarrola & Degen (2011).', NULL, 'SYSTEM'),
  (10099, 'Hojas en decocción.', 'AC', 0, 0, 1, 'Uso como estomáquico, antiinflamatorio, hipocolesterolemiante y diurético. Fuente: Ibarrola & Degen (2011).', NULL, 'SYSTEM'),
  (10100, 'Tallo y hojas empleados como antirreumático y antimicótico.', 'AC', 0, 0, 1, 'Indicada como antirreumático y antimicótico. Fuente: Ibarrola & Degen (2011).', NULL, 'SYSTEM'),
  (10101, 'Planta entera en infusión o decocción.', 'AC', 0, 0, 1, 'Indicada como refrescante, para gripe, presión alta, tos y afecciones renales. Fuente: Ibarrola & Degen (2011).', NULL, 'SYSTEM'),
  (10102, 'Parte aérea y raíz empleadas como diurético y refrescante.', 'AC', 0, 1, 1, 'Uso popular como diurético y refrescante. Fuente: Ibarrola & Degen (2011).', NULL, 'SYSTEM'),
  (10103, 'Planta entera en infusión o decocción; mezclada con hojas de mango como anticonceptivo.', 'AC', 0, 0, 1, 'Uso contra hepatitis, antidiarreico y para inhibir la fertilidad femenina. Fuente: Ibarrola & Degen (2011).', NULL, 'SYSTEM'),
  (10104, 'Raíz de la planta joven en decocción.', 'AC', 0, 0, 1, 'Indicada como diurético, abortivo, emenagogo, antihipertensivo y antirreumático. Fuente: Ibarrola & Degen (2011).', NULL, 'SYSTEM'),
  (10105, 'Parte aérea y hojas en infusión o decocción.', 'AC', 0, 0, 1, 'Indicada como digestivo, antiespasmódico, sedante nervioso y contra dolores menstruales. Fuente: Ibarrola & Degen (2011).', NULL, 'SYSTEM'),
  (10106, 'Raíz fresca machacada en mate o tereré; seca en decocción.', 'AC', 1, 1, 1, 'Indicada como digestivo, antiinflamatorio, antidiabético y para purificar la sangre. Fuente: Ibarrola & Degen (2011).', NULL, 'SYSTEM'),
  (10107, 'Planta entera empleada contra lumbago, hemorroides, afecciones de piel y próstata.', 'AC', 0, 0, 1, 'Uso popular para lumbago, hemorroides, piel y caída del cabello. Fuente: Ibarrola & Degen (2011).', NULL, 'SYSTEM'),
  (10108, 'Parte aérea empleada para la circulación o limpieza de la sangre.', 'AC', 0, 0, 1, 'Uso contra alergia, reumatismo, parálisis de manos y pies y caída del cabello. Fuente: Ibarrola & Degen (2011).', NULL, 'SYSTEM'),
  (10109, 'Corteza en decocción.', 'AC', 0, 0, 1, 'Indicada como astringente, antipirético, antiparasitario intestinal y abortivo. Fuente: Ibarrola & Degen (2011).', NULL, 'SYSTEM'),
  (10110, 'Aserrín en decocción.', 'AC', 0, 0, 1, 'Uso contra bronquitis, asma y hemorroides. Fuente: Ibarrola & Degen (2011).', NULL, 'SYSTEM'),
  (10111, 'Hojas empleadas en infusión.', 'AC', 0, 0, 1, 'Indicada como anticanceroso y antidiabético. Fuente: Ibarrola & Degen (2011).', NULL, 'SYSTEM'),
  (10112, 'Látex disuelto en alcohol aplicado tópicamente.', 'AC', 0, 0, 0, 'Uso tópico para heridas y úlceras cutáneas. Fuente: Ibarrola & Degen (2011).', NULL, 'SYSTEM'),
  (10113, 'Flores y hojas en decocción aplicadas externamente.', 'AC', 0, 0, 0, 'Uso tópico para conjuntivitis, prurito, salpullidos, herpes y hemorragias. Fuente: Ibarrola & Degen (2011).', NULL, 'SYSTEM'),
  (10114, 'Planta seca en infusión.', 'AC', 0, 0, 1, 'Indicada como antidiabético. Fuente: Ibarrola & Degen (2011).', NULL, 'SYSTEM'),
  (10115, 'Raíz empleada en tereré; laxante suave.', 'AC', 0, 1, 0, 'Indicada como refrescante, antiinflamatorio, diurético y laxante suave; también antirreumático. Fuente: Ibarrola & Degen (2011).', NULL, 'SYSTEM'),
  (10116, 'Jugo de la espata floral aplicado directamente sobre la piel afectada.', 'AC', 0, 0, 0, 'Uso tópico para verrugas, tiña (micosis) y afecciones de piel. Fuente: Ibarrola & Degen (2011).', NULL, 'SYSTEM'),
  (10117, 'Corteza del tallo empleada como antidiabético.', 'AC', 0, 0, 1, 'Indicada como antidiabético. Fuente: Ibarrola & Degen (2011).', NULL, 'SYSTEM'),
  (10118, 'Parte aérea empleada en infusión.', 'AC', 0, 0, 1, 'Indicada contra presión alta, afecciones cardíacas, antidiarreico y antirreumático. Fuente: Ibarrola & Degen (2011).', NULL, 'SYSTEM'),
  (10119, 'Planta entera empleada en infusión o decocción.', 'AC', 0, 0, 1, 'Uso en afecciones de piel, lavado de heridas y como antirreumático. Fuente: Ibarrola & Degen (2011).', NULL, 'SYSTEM'),
  (10120, 'Planta entera empleada en infusión o decocción y también en mate.', 'AC', 1, 0, 1, 'Uso como abortivo, digestivo, diurético y para lavados vaginales. Fuente: Ibarrola & Degen (2011).', NULL, 'SYSTEM'),
  (10121, 'Raíz fresca en infusión o mate.', 'AC', 1, 0, 1, 'Indicada como expectorante, antitusígeno y contra asma, catarro y bronquitis. Fuente: Ibarrola & Degen (2011).', NULL, 'SYSTEM'),
  (10122, 'Machacada en frío como refrescante y emoliente.', 'AC', 0, 1, 0, 'Uso como refrescante, emoliente, antipirético e ictericia. Fuente: Ibarrola & Degen (2011).', NULL, 'SYSTEM'),
  (10123, 'Parte aérea en infusión.', 'AC', 0, 0, 1, 'Indicada como digestivo, potente antidiarreico (especialmente en niños) y para mal de garganta. Fuente: Ibarrola & Degen (2011).', NULL, 'SYSTEM'),
  (10124, 'Hoja preparada en mate caliente o tereré (agua fría).', 'AC', 1, 1, 1, 'Indicada como estimulante, tónico, diurético, eupéptico y adelgazante; base de la bebida nacional. Fuente: Ibarrola & Degen (2011).', NULL, 'SYSTEM'),
  (10125, 'Tallo en maceración en agua fría.', 'AC', 0, 1, 0, 'Indicado contra lumbago, como antirreumático, afrodisíaco y abortivo. Fuente: Ibarrola & Degen (2011).', NULL, 'SYSTEM'),
  (10126, 'Uso externo del tallo para lavar heridas, granos, forúnculos e inflamación de piel.', 'AC', 0, 0, 0, 'Uso tópico en inflamaciones y heridas de piel. Fuente: Ibarrola & Degen (2011).', NULL, 'SYSTEM'),
  (10127, 'Hoja seca en infusión.', 'AC', 0, 0, 1, 'Indicada como antidiabético y carminativo. Fuente: Ibarrola & Degen (2011).', NULL, 'SYSTEM'),
  (10128, 'Corteza empleada contra afecciones respiratorias y como desinfectante bucal.', 'AC', 0, 0, 1, 'Uso contra faringitis, amigdalitis, heridas y cicatrizaciones difíciles. Fuente: Ibarrola & Degen (2011).', NULL, 'SYSTEM'),
  (10129, 'Raíz en decocción.', 'AC', 0, 0, 1, 'Uso como antisifilítico, depurativo, diurético y vulnerario. Fuente: Ibarrola & Degen (2011).', NULL, 'SYSTEM'),
  (10130, 'Raíz en maceración en agua fría.', 'AC', 0, 1, 0, 'Indicada como diurético, refrescante, depurativo, diaforético y febrífugo. Fuente: Ibarrola & Degen (2011).', NULL, 'SYSTEM'),
  (10131, 'Decocción de raíces secas: 1 cucharadita por taza.', 'AC', 0, 0, 1, 'Anorexia, trastornos digestivos y hepáticos, estreñimiento: 1 taza después de cada comida (3-4 al día). Fuente: Cáceres & Machaín (UNESCO).', NULL, 'SYSTEM'),
  (10132, 'Hojas tiernas frescas en ensalada o infusión.', 'AC', 0, 0, 1, 'Para estimular el apetito y la digestión. Fuente: Cáceres & Machaín (UNESCO).', NULL, 'SYSTEM'),
  (10133, 'Infusión de hojas: 5 a 15 g por litro de agua. 1/4 taza cada hora.', 'AC', 0, 0, 1, 'Catarros, malestares digestivos, menstruaciones dolorosas, falta de apetito, hidropesía. No en embarazo, lactancia ni menores de 10 años. Fuente: Cáceres & Machaín (UNESCO).', NULL, 'SYSTEM'),
  (10134, 'Infusión de hojas y semillas: 1 cucharadita por taza, 3-4 tazas al día tras las comidas.', 'AC', 0, 0, 1, 'Infecciones urinarias, digestión dificultosa, fiebre, tos, gases. No en embarazo ni lactancia. Fuente: Cáceres & Machaín (UNESCO).', NULL, 'SYSTEM'),
  (10135, 'Gárgaras y compresas con decocción o hojas maceradas.', 'AC', 0, 0, 0, 'Dolor de garganta, angina, sarpullidos bucales, heridas. Fuente: Cáceres & Machaín (UNESCO).', NULL, 'SYSTEM'),
  (10136, 'Compresas con decocción de hojas o semillas maceradas sobre los pezones.', 'AC', 0, 0, 0, 'Para madres lactantes con pezones afectados (estimula producción de leche). Fuente: Cáceres & Machaín (UNESCO).', NULL, 'SYSTEM'),
  (10137, 'Extractos acuosos del zumo, uso interno moderado.', 'AC', 0, 0, 1, 'Estreñimiento ocasional y trastornos hepáticos. No en embarazo, lactancia ni niños menores de 10 años. Fuente: Cáceres & Machaín (UNESCO).', NULL, 'SYSTEM'),
  (10138, 'Aplicar pulpa y zumo tópicamente, o en forma de baños.', 'AC', 0, 0, 0, 'Inflamaciones, quemaduras, eczemas, erisipela, heridas, conjuntivitis. Fuente: Cáceres & Machaín (UNESCO).', NULL, 'SYSTEM'),
  (10139, 'Té de raíz y hojas: 50-60 g por litro de agua. 1 vaso antes de las comidas.', 'AC', 0, 0, 1, 'Afecciones hepáticas, ictericia, estreñimiento, reumatismo, artritis, gota, obesidad. Fuente: Cáceres & Machaín (UNESCO).', NULL, 'SYSTEM'),
  (10140, 'Infusión de hojas: 1 cucharada sopera por taza, 4-5 tazas al día.', 'AC', 0, 0, 1, 'Catarros rebeldes, resfríos, bronquitis asmática, tos pertinaz, diarrea; tónico cardiaco. No en embarazo ni menores de 10 años. Fuente: Cáceres & Machaín (UNESCO).', NULL, 'SYSTEM'),
  (10141, 'Infusión: 1 cucharada sopera en 4 tazas de agua. 1 taza después de cada comida.', 'AC', 0, 0, 1, 'Inapetencia, gases, resfríos, bronquitis, aumenta producción de leche. No en embarazo, lactancia ni menores de 6 años. Fuente: Cáceres & Machaín (UNESCO).', NULL, 'SYSTEM'),
  (10142, 'Aceite de la semilla en uso tópico.', 'AC', 0, 0, 0, 'Pie de atleta, piojos y otras infecciones externas. Fuente: Cáceres & Machaín (UNESCO).', NULL, 'SYSTEM'),
  (10143, 'Infusión o cocimiento: 4 cucharadas soperas por litro, 4-5 tazas al día.', 'AC', 0, 0, 1, 'Cólicos, indigestiones, diarreas y disenterías. No en embarazo, lactancia ni menores de 6 años. Fuente: Cáceres & Machaín (UNESCO).', NULL, 'SYSTEM'),
  (10144, 'Lavados genitales con cocimiento de hojas: 40-100 g por litro.', 'AC', 0, 0, 0, 'Leucorrea y otras afecciones genitales. Fuente: Cáceres & Machaín (UNESCO).', NULL, 'SYSTEM'),
  (10145, 'Tubérculos machacados en agua fría o en tereré.', 'AC', 0, 1, 0, 'Infecciones urinarias y bebida refrescante. Fuente: Cáceres & Machaín (UNESCO).', NULL, 'SYSTEM'),
  (10146, 'Zumo o infusión para lavar heridas y úlceras.', 'AC', 0, 0, 0, 'Lavado externo de heridas y úlceras. Fuente: Cáceres & Machaín (UNESCO).', NULL, 'SYSTEM'),
  (10147, 'Decocción: 100 g por litro, 3-4 cucharadas soperas al día; también fresco en ensalada.', 'AC', 0, 0, 1, 'Inapetencia, convalecencia, anemia, escorbuto, faringitis, bronquitis. Fuente: Cáceres & Machaín (UNESCO).', NULL, 'SYSTEM'),
  (10148, 'Fricciones con el jugo fresco en el cuero cabelludo.', 'AC', 0, 0, 0, 'Dermatitis seborreica y caída del pelo. Fuente: Cáceres & Machaín (UNESCO).', NULL, 'SYSTEM'),
  (10149, 'Jarabe: 100 g de hojas machacadas + 1 L agua hirviendo, reposar 6 h, colar con miel. 1 cucharadita por taza varias veces al día.', 'AC', 0, 0, 1, 'Cálculos biliares, estreñimiento, cistitis, sífilis, blenorragia, manchas de la piel. No en embarazo ni lactancia. Fuente: Cáceres & Machaín (UNESCO).', NULL, 'SYSTEM'),
  (10150, 'Baños y pediluvios con decocción de hojas.', 'AC', 0, 0, 0, 'Reumatismo, hidropesía y afecciones cutáneas. Fuente: Cáceres & Machaín (UNESCO).', NULL, 'SYSTEM'),
  (10151, 'Té caliente: 4 cucharadas soperas (5-10 g) por litro de agua, 4-6 tazas al día.', 'AC', 0, 0, 1, 'Resfríos, bronquitis, faringitis, infecciones urinarias, sarampión, escarlatina, síndrome premenstrual. Fuente: Cáceres & Machaín (UNESCO).', NULL, 'SYSTEM'),
  (10152, 'Cataplasma de hojas hervidas sobre la zona dolorida.', 'AC', 0, 0, 0, 'Abscesos, quemaduras, ataques de gota, inflamaciones, tumores. Fuente: Cáceres & Machaín (UNESCO).', NULL, 'SYSTEM'),
  (10153, 'Infusión de hojas: 20-30 g por litro, caliente después de las comidas.', 'AC', 0, 0, 1, 'Digestiones lentas, flatulencias, acidez gástrica. Fuente: Cáceres & Machaín (UNESCO).', NULL, 'SYSTEM'),
  (10154, 'Lavados genitales con decocción: 40-50 g por litro.', 'AC', 0, 0, 0, 'Inflamaciones de los órganos genitales femeninos. Fuente: Cáceres & Machaín (UNESCO).', NULL, 'SYSTEM'),
  (10155, 'Decocción: 20-30 g por litro.', 'AC', 0, 0, 1, 'Lavado de heridas, gastritis y úlceras gástricas. Fuente: Cáceres & Machaín (UNESCO).', NULL, 'SYSTEM'),
  (10156, 'Tisana: 30-60 g por litro, 1 taza antes o después de las comidas.', 'AC', 0, 0, 1, 'Anemia, debilidad, hígado, ictericia, asma, bronquitis, gripe, reumatismo, gota. Fuente: Cáceres & Machaín (UNESCO).', NULL, 'SYSTEM'),
  (10157, 'Lociones externas: 50 g por litro.', 'AC', 0, 0, 0, 'Abscesos, llagas, contusiones, heridas y forúnculos. Fuente: Cáceres & Machaín (UNESCO).', NULL, 'SYSTEM'),
  (10158, 'Infusión: 15 g por litro (1 cucharada sopera por taza), 3 veces al día.', 'AC', 0, 0, 1, 'Dolores estomacales e intestinales nerviosos, histerismo, abatimiento, dolores menstruales. Fuente: Cáceres & Machaín (UNESCO).', NULL, 'SYSTEM'),
  (10159, 'Decocción de corteza: 30-40 g por litro para lavados.', 'AC', 0, 0, 0, 'Lavado de heridas, llagas, hemorroides y granos. Fuente: Cáceres & Machaín (UNESCO).', NULL, 'SYSTEM'),
  (10160, 'Gárgaras con decocción de corteza.', 'AC', 0, 0, 0, 'Heridas, llagas y granos de la garganta y boca. Fuente: Cáceres & Machaín (UNESCO).', NULL, 'SYSTEM'),
  (10161, 'Baños de vapor con decocción.', 'AC', 0, 0, 0, 'Dolores reumáticos, lumbago, ciática, artritis y gota. Fuente: Cáceres & Machaín (UNESCO).', NULL, 'SYSTEM'),
  (10162, 'Infusión o decocción: 1 cucharadita por taza, varias veces al día tras las comidas.', 'AC', 0, 0, 1, 'Afecciones hepáticas, renales, reumáticas, infecciones venéreas; rechazo al alcohol. Fuente: Cáceres & Machaín (UNESCO).', NULL, 'SYSTEM'),
  (10163, 'Infusión: 10-12 g por litro, 3-4 tazas al día.', 'AC', 0, 0, 1, 'Anemia, fatiga, obesidad, hipertensión, infecciones genito-urinarias, menstruaciones dolorosas, fracturas. Fuente: Cáceres & Machaín (UNESCO).', NULL, 'SYSTEM'),
  (10164, 'Compresas oculares: 50-60 g por litro, renovar cada 15 min.', 'AC', 0, 0, 0, 'Lavados oculares, heridas y hemorragias. Fuente: Cáceres & Machaín (UNESCO).', NULL, 'SYSTEM'),
  (10165, 'Infusión: 1 cucharadita de postre por taza, 3 veces al día.', 'AC', 0, 0, 1, 'Afecciones del pecho, tos, reumatismo, garganta seca, menstruaciones irregulares. Fuente: Cáceres & Machaín (UNESCO).', NULL, 'SYSTEM'),
  (10166, 'Lavados capilares con infusión concentrada.', 'AC', 0, 0, 0, 'Fortifica el cuero cabelludo, evita la caída del pelo y estimula el crecimiento. Fuente: Cáceres & Machaín (UNESCO).', NULL, 'SYSTEM'),
  (10167, 'Infusión de frutitos: 1 cucharadita por taza después de las comidas.', 'AC', 0, 0, 1, 'Digestiones lentas, flatulencias, dolores gastrointestinales; lactancia. Fuente: Cáceres & Machaín (UNESCO).', NULL, 'SYSTEM'),
  (10168, 'Infusión: 100 g por litro, reposar 15 min, 1 taza al día.', 'AC', 0, 0, 1, 'Resfríos, catarros, paludismo, asma, bronquitis. No en embarazo, lactancia ni menores de 2 años. Fuente: Cáceres & Machaín (UNESCO).', NULL, 'SYSTEM'),
  (10169, 'Inhalación de vapor: 10 g por litro o 5-15 gotas de aceite esencial en agua hirviendo.', 'AC', 0, 0, 0, 'Resfríos y sinusitis. Fuente: Cáceres & Machaín (UNESCO).', NULL, 'SYSTEM'),
  (10170, 'Baños y compresas calientes con decocción; lavado antiséptico: 200 g por litro.', 'AC', 0, 0, 0, 'Reumatismo, neuralgia, ciática, heridas y úlceras. Fuente: Cáceres & Machaín (UNESCO).', NULL, 'SYSTEM'),
  (10171, 'Decocción interna: 10-15 g por litro.', 'AC', 0, 0, 1, 'Inapetencia, diarreas, parasitosis, tenia solitaria. No en embarazo, lactancia ni menores de 5 años. Fuente: Cáceres & Machaín (UNESCO).', NULL, 'SYSTEM'),
  (10172, 'Decocción externa: 20-30 g por litro para lavados vaginales.', 'AC', 0, 0, 0, 'Lavados vaginales antisépticos. Fuente: Cáceres & Machaín (UNESCO).', NULL, 'SYSTEM'),
  (10173, 'Té: 1 cucharada sopera por taza.', 'AC', 0, 0, 1, 'Indigestiones, gases, desarreglos digestivos y trastornos menstruales. Fuente: Cáceres & Machaín (UNESCO).', NULL, 'SYSTEM'),
  (10174, 'Hojas machacadas mezcladas con aceite, aplicación local.', 'AC', 0, 0, 0, 'Inflamaciones locales. Fuente: Cáceres & Machaín (UNESCO).', NULL, 'SYSTEM'),
  (10175, 'Raíces y frutos: 10-20 g por litro, 3-4 tazas al día.', 'AC', 0, 0, 1, 'Dispepsias, flatulencias, cólicos, diarreas, vómitos; aumenta la producción de leche. Fuente: Cáceres & Machaín (UNESCO).', NULL, 'SYSTEM'),
  (10176, 'Cataplasma sobre tumores indolentes.', 'AC', 0, 0, 0, 'Tumores indolentes; acción resolutiva. Fuente: Cáceres & Machaín (UNESCO).', NULL, 'SYSTEM'),
  (10177, 'Té: 4 cucharadas soperas por litro, varias tazas al día.', 'AC', 0, 0, 1, 'Anemia, diarreas, mala digestión, cálculos biliares, hígado, riñones, gota, llagas venéreas. Fuente: Cáceres & Machaín (UNESCO).', NULL, 'SYSTEM'),
  (10178, 'Gárgaras con decocción fuerte: 60 g por litro.', 'AC', 0, 0, 0, 'Anginas y faringitis. Fuente: Cáceres & Machaín (UNESCO).', NULL, 'SYSTEM'),
  (10179, 'Infusión o decocción de hojas.', 'AC', 0, 0, 1, 'Dolores de muelas, digestiones pesadas, bronquitis y asma. Fuente: Cáceres & Machaín (UNESCO).', NULL, 'SYSTEM'),
  (10180, 'Infusión o decocción combinando jaguarundy, amba''y, flores de mamón y sauco.', 'AC', 0, 0, 1, 'Mezcla tradicional para tos, bronquitis y asma. Fuente: Cáceres & Machaín (UNESCO).', NULL, 'SYSTEM'),
  (10181, 'Infusión: 3 cucharaditas por taza de agua o leche, 3 veces al día por 5 días; antiparásitos en ayunas.', 'AC', 0, 0, 1, 'Flatulencias, dispepsias, lombrices humanas. No en embarazo, niños ni problemas renales. Fuente: Cáceres & Machaín (UNESCO).', NULL, 'SYSTEM'),
  (10182, 'Decocción para fricciones, lavados y cataplasmas calientes; mejor mezclado con hojas de papaya.', 'AC', 0, 0, 0, 'Parásitos de la piel, picaduras de insectos, forúnculos y abscesos. Fuente: Cáceres & Machaín (UNESCO).', NULL, 'SYSTEM'),
  (10183, 'Infusión o maceración: 20-30 g por litro; también machacada en agua o tereré.', 'AC', 0, 1, 1, 'Trastornos digestivos e infecciones genito-urinarias. Fuente: Cáceres & Machaín (UNESCO).', NULL, 'SYSTEM'),
  (10184, 'Decocción: 20 g (4 cucharadas de raíces picadas) por litro. Varias tazas al día.', 'AC', 0, 0, 1, 'Hidropesía, reumatismo y sífilis. Fuente: Cáceres & Machaín (UNESCO).', NULL, 'SYSTEM'),
  (10185, 'Infusión en el mate; también en maceración con agua fría como tereré.', 'AC', 1, 1, 0, 'Ictericia y afecciones hepáticas. Fuente: Cáceres & Machaín (UNESCO).', NULL, 'SYSTEM'),
  (10186, 'Infusión de hojas/tallos o decocción de semillas y raíces: 20-30 g por litro.', 'AC', 0, 0, 1, 'Trastornos gastrointestinales, cólicos, indigestiones, histerismo y dolores de cabeza. Fuente: Cáceres & Machaín (UNESCO).', NULL, 'SYSTEM'),
  (10187, 'Infusión/decocción: 20-25 g por litro, 2-3 tazas al día; como laxante 1 taza/día.', 'AC', 0, 0, 1, 'Infecciones respiratorias, reumatismo, gota, disenterías, cistitis, nefritis y blenorragia. Fuente: Cáceres & Machaín (UNESCO).', NULL, 'SYSTEM'),
  (10188, 'Cataplasma: 15-20 g por 1/2 litro; hervir hasta pasta, aplicar tibio sobre la zona.', 'AC', 0, 0, 0, 'Forúnculos, granos, heridas, herpes y eczemas. Fuente: Cáceres & Machaín (UNESCO).', NULL, 'SYSTEM'),
  (10189, 'Té interno: 30 g por litro, 3-4 tazas al día.', 'AC', 0, 0, 1, 'Ardor estomacal, diarreas, disentería, flemas y catarros bronquiales. Fuente: Cáceres & Machaín (UNESCO).', NULL, 'SYSTEM'),
  (10190, 'Gárgaras y emplastos: 60 g por litro, varias veces al día.', 'AC', 0, 0, 0, 'Inflamaciones de la boca y garganta, encías sangrantes, amigdalitis, úlceras. Fuente: Cáceres & Machaín (UNESCO).', NULL, 'SYSTEM'),
  (10191, 'Infusión: 1 cucharada de postre por taza, 4-5 veces al día.', 'AC', 0, 0, 1, 'Catarros, bronquitis, asma, gripe, faringitis y obesidad. Fuente: Cáceres & Machaín (UNESCO).', NULL, 'SYSTEM'),
  (10192, 'Cocimiento de flores y hojas: 30-50 g por litro para lavados, gárgaras y cataplasmas.', 'AC', 0, 0, 0, 'Irritaciones de ojos, heridas, eczemas, abscesos, forúnculos y garganta. Fuente: Cáceres & Machaín (UNESCO).', NULL, 'SYSTEM'),
  (10193, 'Infusión: 1 cucharada sopera por 2 tazas, 3-4 tazas al día antes de las comidas.', 'AC', 0, 0, 1, 'Dispepsias, diarreas, náuseas, flatulencias, menstruación dolorosa y calmante infantil. Fuente: Cáceres & Machaín (UNESCO).', NULL, 'SYSTEM'),
  (10194, 'Infusión externa: 50-60 g por litro en compresas, lociones y baños oculares.', 'AC', 0, 0, 0, 'Heridas, afecciones de la piel e inflamaciones oculares. Fuente: Cáceres & Machaín (UNESCO).', NULL, 'SYSTEM'),
  (10195, 'Infusión de flores: 1 cucharada sopera por taza.', 'AC', 0, 0, 1, 'Cólicos, indigestiones, acidez y trastornos menstruales. Fuente: Cáceres & Machaín (UNESCO).', NULL, 'SYSTEM'),
  (10196, 'Decocción: 50 g por litro para baños y lavados genitales.', 'AC', 0, 0, 0, 'Afecciones genitales femeninas. Fuente: Cáceres & Machaín (UNESCO).', NULL, 'SYSTEM'),
  (10197, 'Infusión: 3 cucharadas soperas por litro, 2-3 tazas al día.', 'AC', 0, 0, 1, 'Asma, tos convulsa, convulsiones infantiles, epilepsia, insomnio, neurastenia y paludismo. Fuente: Cáceres & Machaín (UNESCO).', NULL, 'SYSTEM'),
  (10198, 'Infusión: 1 cucharadita por taza, 3-4 tazas al día. Combinable con anís, manzanilla y cedrón.', 'AC', 0, 0, 1, 'Trastornos digestivos y hepáticos, catarros. No más de 30 días seguidos; evitar embarazo y lactancia. Fuente: Cáceres & Machaín (UNESCO).', NULL, 'SYSTEM'),
  (10199, 'Infusión combinada de menta, anís, manzanilla y cedrón a dosis digestivas.', 'AC', 0, 0, 1, 'Mezcla tradicional para dispepsia y espasmos digestivos. Fuente: Cáceres & Machaín (UNESCO).', NULL, 'SYSTEM'),
  (10200, 'Aplicación externa de infusión o esencia.', 'AC', 0, 0, 0, 'Afecciones reumáticas y neuralgias. Fuente: Cáceres & Machaín (UNESCO).', NULL, 'SYSTEM'),
  (10201, 'Infusión de hojas (10-15 g/L) o flores (20-30 g/L).', 'AC', 0, 0, 1, 'Trastornos nerviosos, insomnio y espasmos digestivos. Fuente: Cáceres & Machaín (UNESCO).', NULL, 'SYSTEM'),
  (10202, 'Infusión de la corteza del fruto: 20 g por litro.', 'AC', 0, 0, 1, 'Escorbuto, hemorroides, várices y trastornos de vasos sanguíneos. Fuente: Cáceres & Machaín (UNESCO).', NULL, 'SYSTEM'),
  (10203, 'Decocción de frutos y raíces para uso interno o externo.', 'AC', 0, 0, 1, 'Infecciones urinarias, estreñimiento, úlceras y blenorragia. Fuente: Cáceres & Machaín (UNESCO).', NULL, 'SYSTEM'),
  (10204, 'Jugo de planta fresca aplicado externamente.', 'AC', 0, 0, 0, 'Grietas y úlceras sifilíticas. Fuente: Cáceres & Machaín (UNESCO).', NULL, 'SYSTEM'),
  (10205, 'Decocción o infusión: 1 cucharada sopera por taza.', 'AC', 0, 0, 1, 'Dificultades digestivas y acidez después de las comidas. Fuente: Cáceres & Machaín (UNESCO).', NULL, 'SYSTEM'),
  (10206, 'Infusión: 3 cucharadas soperas por litro, 4 tazas al día.', 'AC', 0, 0, 1, 'Resfríos, catarros bronquiales, gripe, asma, malas digestiones y flatulencias. Fuente: Cáceres & Machaín (UNESCO).', NULL, 'SYSTEM'),
  (10207, 'Infusión concentrada para aplicación externa.', 'AC', 0, 0, 0, 'Heridas y úlceras. Fuente: Cáceres & Machaín (UNESCO).', NULL, 'SYSTEM'),
  (10208, 'Infusión: 1 cucharadita (5 g) por taza, 4-5 tazas al día tras las comidas.', 'AC', 0, 0, 1, 'Diarreas y catarros respiratorios. Fuente: Cáceres & Machaín (UNESCO).', NULL, 'SYSTEM'),
  (10209, 'Lociones y compresas con infusión aplicadas externamente.', 'AC', 0, 0, 0, 'Contusiones, quemaduras, heridas y hemorroides. Fuente: Cáceres & Machaín (UNESCO).', NULL, 'SYSTEM'),
  (10210, 'Decocción: 20-30 g por litro; machacada en agua para sed.', 'AC', 0, 0, 1, 'Sed, infecciones genito-urinarias. Fuente: Cáceres & Machaín (UNESCO).', NULL, 'SYSTEM'),
  (10211, 'Decocción concentrada: hasta 50 g por litro para lavado externo.', 'AC', 0, 0, 0, 'Curación de heridas y úlceras. Fuente: Cáceres & Machaín (UNESCO).', NULL, 'SYSTEM'),
  (10212, 'Machacada en agua como bebida fría o en tereré.', 'AC', 0, 1, 0, 'Edema, hidropesía y sed. Fuente: Cáceres & Machaín (UNESCO).', NULL, 'SYSTEM'),
  (10213, 'Infusión de hojas (20 g/L), raíces (10-15 g/L) o frutos (2-5 g/L) por litro.', 'AC', 0, 0, 1, 'Hidropesía, inflamaciones de vejiga y riñón, menstruación. Evitar en embarazo (abortivo a alta dosis). Fuente: Cáceres & Machaín (UNESCO).', NULL, 'SYSTEM'),
  (10214, 'Infusión/decocción: 1 cucharadita por taza, media hora después de las comidas.', 'AC', 0, 0, 1, 'Digestiones lentas, flatulencias, ronqueras (con miel). No en embarazo ni menores de 2 años. Fuente: Cáceres & Machaín (UNESCO).', NULL, 'SYSTEM'),
  (10215, 'Infusión de hojas y tallos: 1 cucharadita por taza, 3 tazas al día.', 'AC', 0, 0, 1, 'Trastornos digestivos, espasmos y menstruaciones escasas o dolorosas. No en embarazo ni problemas de próstata. Fuente: Cáceres & Machaín (UNESCO).', NULL, 'SYSTEM'),
  (10216, 'Maceración alcohólica para fricciones y uso en el cuero cabelludo.', 'AC', 0, 0, 0, 'Reumatismo, lumbago, ciática, artrosis y caída del pelo. Fuente: Cáceres & Machaín (UNESCO).', NULL, 'SYSTEM'),
  (10217, 'Infusión: 2-5 g por litro, 2 tazas al día.', 'AC', 0, 0, 1, 'Normalizar las reglas suspendidas bruscamente. No en embarazo (abortivo). Fuente: Cáceres & Machaín (UNESCO).', NULL, 'SYSTEM'),
  (10218, '10 g de ruda hervidos en 1/4 L de aceite: 2 cucharaditas por día; enema: 10 g por litro.', 'AC', 0, 0, 0, 'Lombrices intestinales (antihelmíntico). Fuente: Cáceres & Machaín (UNESCO).', NULL, 'SYSTEM'),
  (10219, 'Aplicación tópica externa.', 'AC', 0, 0, 0, 'Reumatismo y afecciones de la piel. Fuente: Cáceres & Machaín (UNESCO).', NULL, 'SYSTEM'),
  (10220, 'Infusión: 20 g por litro, 3-4 tazas al día.', 'AC', 0, 0, 1, 'Problemas estomacales, vómitos, ventosidades, dolor de cabeza por mala digestión y catarros. Fuente: Cáceres & Machaín (UNESCO).', NULL, 'SYSTEM'),
  (10221, 'Enjuagues bucales, gárgaras y fricciones con infusión concentrada.', 'AC', 0, 0, 0, 'Aftas, encías inflamadas, amigdalitis, picaduras de insectos y heridas crónicas. Fuente: Cáceres & Machaín (UNESCO).', NULL, 'SYSTEM'),
  (10222, 'Infusión de flores: 1 cucharada sopera por taza, 4-5 tazas al día.', 'AC', 0, 0, 1, 'Resfríos, anginas, gripe, sarampión, rubéola, escarlatina, viruela. Provoca sudoración. Fuente: Cáceres & Machaín (UNESCO).', NULL, 'SYSTEM'),
  (10223, 'Baños con decocción de corteza, hojas y flores: 30-50 g por litro.', 'AC', 0, 0, 0, 'Reumatismo y hemorroides. Fuente: Cáceres & Machaín (UNESCO).', NULL, 'SYSTEM'),
  (10224, 'Frutos secos tostados y molidos como café.', 'AC', 0, 0, 1, 'Propiedades purgantes. A dosis alta pueden producir diarreas intensas. Fuente: Cáceres & Machaín (UNESCO).', NULL, 'SYSTEM'),
  (10225, 'Infusión: 1 cucharadita por taza, hervir 2 minutos. 1 taza al día.', 'AC', 0, 0, 1, 'Estreñimiento. No en embarazo, lactancia, menstruación ni hemorroides. Fuente: Cáceres & Machaín (UNESCO).', NULL, 'SYSTEM'),
  (10226, 'Infusión de planta entera: 1 cucharadita por taza.', 'AC', 0, 0, 1, 'Arteriosclerosis, hipertensión, palpitaciones, enfermedades venéreas y reumatismo. Fuente: Cáceres & Machaín (UNESCO).', NULL, 'SYSTEM'),
  (10227, 'Infusión: 30 g por litro.', 'AC', 0, 0, 1, 'Reumatismo y artritis. Fuente: Cáceres & Machaín (UNESCO).', NULL, 'SYSTEM'),
  (10228, 'Decocción: 70 g por litro para lavados externos.', 'AC', 0, 0, 0, 'Leucorrea, gonorrea, heridas y úlceras. Fuente: Cáceres & Machaín (UNESCO).', NULL, 'SYSTEM'),
  (10229, 'Decocción de hojas y raíces: 20 g por litro.', 'AC', 0, 0, 1, 'Favorece la sudoración en fiebre, reuma y dolores articulares. Fuente: Cáceres & Machaín (UNESCO).', NULL, 'SYSTEM'),
  (10230, 'Cataplasma de raíces machacadas sobre la picadura.', 'AC', 0, 0, 0, 'Picaduras de víboras y animales ponzoñosos. Fuente: Cáceres & Machaín (UNESCO).', NULL, 'SYSTEM'),
  (10231, 'Infusión de flores: 1 cucharada sopera por taza, 4 veces al día.', 'AC', 0, 0, 1, 'Calambres, afecciones nerviosas, catarros, tos, ronqueras, sarampión, viruela, menstruaciones dolorosas. Fuente: Cáceres & Machaín (UNESCO).', NULL, 'SYSTEM'),
  (10232, 'Infusión: 1 cucharadita por taza, 3 tazas al día.', 'AC', 0, 0, 1, 'Digestiones lentas, gastritis, flatulencias, parasitosis, tos, catarros, gripes, faringitis, bronquitis, infecciones urinarias. Fuente: Cáceres & Machaín (UNESCO).', NULL, 'SYSTEM'),
  (10233, 'Decocción para baño y lociones: 50 g por litro.', 'AC', 0, 0, 0, 'Gota, reumatismo crónico, heridas de difícil curación. Fuente: Cáceres & Machaín (UNESCO).', NULL, 'SYSTEM'),
  (10234, 'Infusión de hojas frescas: 1 cucharada sopera por taza, 3 o más tazas al día.', 'AC', 0, 0, 1, 'Afecciones gástricas, flatulencias, palpitaciones, nerviosismo y jaquecas. Fuente: Cáceres & Machaín (UNESCO).', NULL, 'SYSTEM'),
  (10235, 'Cataplasma de hojas frescas; buches con té de toronjil.', 'AC', 0, 0, 0, 'Contusiones, dolores reumáticos, heridas y dolor de dientes. Fuente: Cáceres & Machaín (UNESCO).', NULL, 'SYSTEM'),
  (10236, 'Infusión: 10-15 g por litro, 3 tazas al día.', 'AC', 0, 0, 1, 'Molestias gástricas, hepáticas, diarreas y cólicos intestinales. No en embarazo. Fuente: Cáceres & Machaín (UNESCO).', NULL, 'SYSTEM'),
  (10237, 'Infusión: 30 g por litro, 2 tazas al día.', 'AC', 0, 0, 1, 'Afecciones urogenitales, enfermedades venéreas y crisis articulares reumáticas. No en embarazo. Fuente: Cáceres & Machaín (UNESCO).', NULL, 'SYSTEM'),
  (10238, 'Decocción: 10-20 g por litro para compresas.', 'AC', 0, 0, 0, 'Llagas, heridas rebeldes y mordeduras. Fuente: Cáceres & Machaín (UNESCO).', NULL, 'SYSTEM'),
  (10239, 'Decocción: 1 cucharadita por taza, 3-4 tazas al día, media hora antes de las comidas.', 'AC', 0, 0, 1, 'Enfermedades renales, venéreas, artritis, reumatismo, gota y ácido úrico. No en anemia. Fuente: Cáceres & Machaín (UNESCO).', NULL, 'SYSTEM'),
  (10240, 'Infusión o decocción tradicional según uso popular; también aplicada sobre la parte hinchada en epidemias de malaria.', 'AC', 0, 1, 1, 'Usada para inflamación del hígado (pya ruru) y como refrescante en el mercado de Pilar. Fuente: Basualdo & Soria (2014).', NULL, 'SYSTEM'),
  (10241, 'Infusión de hojas.', 'AC', 0, 0, 1, 'Empleada como antitusivo y expectorante en el mercado de Pilar. Fuente: Basualdo & Soria (2014).', NULL, 'SYSTEM'),
  (10242, 'Infusión o decocción tradicional según uso popular.', 'AC', 0, 0, 1, 'Empleada para fuego de San Antonio, fiebre interna y dolor de garganta. Fuente: Basualdo & Soria (2014).', NULL, 'SYSTEM'),
  (10243, 'Infusión de hojas y frutos.', 'AC', 0, 0, 1, 'Utilizada como antidiabético en la medicina popular de Ñeembucú. Fuente: Basualdo & Soria (2014).', NULL, 'SYSTEM'),
  (10244, 'Infusión o decocción tradicional según uso popular.', 'AC', 0, 0, 1, 'Usada como depurativo de la sangre en el mercado de Pilar. Fuente: Basualdo & Soria (2014).', NULL, 'SYSTEM'),
  (10245, 'Maceración en agua fría para tereré; también infusión.', 'AC', 0, 1, 1, 'Empleada contra las lombrices y como remedio refrescante. Fuente: Basualdo & Soria (2014).', NULL, 'SYSTEM'),
  (10246, 'Decocción de la planta entera según uso popular.', 'AC', 0, 0, 1, 'Utilizada como abortivo y anticonceptivo en la tradición paraguaya (uso no aprobado). Fuente: Basualdo & Soria (2014).', NULL, 'SYSTEM'),
  (10247, 'Decocción de raíz o fruto.', 'AC', 0, 0, 1, 'Empleada para presión alta, como diurético y desinflamante. Fuente: Basualdo & Soria (2014).', NULL, 'SYSTEM'),
  (10248, 'Infusión o decocción del tallo.', 'AC', 0, 1, 1, 'Usada para arenillas de las vías urinarias y para el riñón. Fuente: Basualdo & Soria (2014).', NULL, 'SYSTEM'),
  (10249, 'Infusión de hojas.', 'AC', 0, 0, 1, 'Usada para colesterol, adelgazar, relajar la sangre y como anticancerígeno popular. Fuente: Basualdo & Soria (2014).', NULL, 'SYSTEM'),
  (10250, 'Infusión de hojas para gárgaras y lavados.', 'AC', 0, 0, 1, 'Empleada para dolor de garganta, granos e infecciones de la piel. Fuente: Basualdo & Soria (2014).', NULL, 'SYSTEM'),
  (10251, 'Infusión de hojas.', 'AC', 0, 0, 1, 'Usada como tranquilizante en el mercado de Pilar. Fuente: Basualdo & Soria (2014).', NULL, 'SYSTEM'),
  (10252, 'Infusión de hojas.', 'AC', 0, 0, 1, 'Empleada para diabetes y colesterol. Fuente: Basualdo & Soria (2014).', NULL, 'SYSTEM'),
  (10253, 'Maceración en agua fría; consumida como refrescante en tereré.', 'AC', 0, 1, 1, 'Usada como refrescante y diurético, también en el tereré. Fuente: Basualdo & Soria (2014).', NULL, 'SYSTEM'),
  (10254, 'Infusión de hojas.', 'AC', 0, 1, 1, 'Usada como refrescante, antifebrífugo y para dolor de garganta. Fuente: Basualdo & Soria (2014).', NULL, 'SYSTEM'),
  (10255, 'Infusión de hojas.', 'AC', 0, 0, 1, 'Empleada para dolor de garganta, fiebre y resfrío. Fuente: Basualdo & Soria (2014).', NULL, 'SYSTEM'),
  (10256, 'Infusión de hojas.', 'AC', 0, 0, 1, 'Usada para los nervios y dolor de corazón. Fuente: Basualdo & Soria (2014).', NULL, 'SYSTEM'),
  (10257, 'Decocción de raíz.', 'AC', 0, 1, 1, 'Empleada como diurético, antifebril y refrescante fuerte. Fuente: Basualdo & Soria (2014).', NULL, 'SYSTEM'),
  (10258, 'Decocción de corteza amarga.', 'AC', 0, 0, 1, 'Usada como hipoglucemiante en el mercado de Pilar. Fuente: Basualdo & Soria (2014).', NULL, 'SYSTEM'),
  (10259, 'Maceración en agua fría; consumida en tereré.', 'AC', 0, 1, 1, 'Empleada como refrescante y diurética, especialmente en tereré. Fuente: Basualdo & Soria (2014).', NULL, 'SYSTEM'),
  (10260, 'Infusión de hojas aromáticas.', 'AC', 0, 0, 1, 'Usada para flatulencia y gastritis. Fuente: Basualdo & Soria (2014).', NULL, 'SYSTEM'),
  (10261, 'Decocción de corteza u hojas.', 'AC', 0, 0, 1, 'Empleada contra el cáncer y como hipoglucemiante en Ñeembucú. Fuente: Basualdo & Soria (2014).', NULL, 'SYSTEM'),
  (10262, 'Infusión o decocción tradicional según uso popular.', 'AC', 0, 0, 1, 'Empleada para amigdalitis, faringitis y problemas renales. Fuente: Basualdo & Soria (2014).', NULL, 'SYSTEM'),
  (10263, 'Infusión de hojas y raíces.', 'AC', 0, 0, 1, 'Usada como digestivo y hepático. Fuente: Basualdo & Soria (2014).', NULL, 'SYSTEM'),
  (10264, 'Decocción de la corteza y hojas.', 'AC', 0, 0, 1, 'Usada como diurético y desinflamante. Fuente: Basualdo & Soria (2014).', NULL, 'SYSTEM'),
  (10265, 'Infusión o consumo del fruto.', 'AC', 0, 0, 1, 'Usada como energizante en la medicina popular de Ñeembucú. Fuente: Basualdo & Soria (2014).', NULL, 'SYSTEM'),
  (10266, 'Infusión de hojas.', 'AC', 0, 0, 1, 'Empleada para colesterol avanzado. Fuente: Basualdo & Soria (2014).', NULL, 'SYSTEM'),
  (10267, 'Infusión de flores.', 'AC', 0, 0, 1, 'Empleada para la hepatitis en el mercado de Pilar. Fuente: Basualdo & Soria (2014).', NULL, 'SYSTEM'),
  (10268, 'Infusión de hojas amargas.', 'AC', 0, 0, 1, 'Usada como antidiabético en la medicina popular. Fuente: Basualdo & Soria (2014).', NULL, 'SYSTEM'),
  (10269, 'Infusión de hojas y flores.', 'AC', 0, 0, 1, 'Usada como antitusivo y expectorante. Fuente: Basualdo & Soria (2014).', NULL, 'SYSTEM'),
  (10270, 'Decocción de corteza para beber o para lavados externos.', 'AC', 0, 0, 1, 'Empleada como digestivo, antipirético y uso externo para lavado de heridas. Fuente: Basualdo & Soria (2014).', NULL, 'SYSTEM'),
  (10271, 'Infusión o jugo fresco de hojas.', 'AC', 0, 0, 1, 'Usada como antiparasitario en el mercado de Pilar. Fuente: Basualdo & Soria (2014).', NULL, 'SYSTEM'),
  (10272, 'Decocción de corteza con látex rojo.', 'AC', 0, 0, 1, 'Empleada popularmente contra el cáncer. Fuente: Basualdo & Soria (2014).', NULL, 'SYSTEM'),
  (10273, 'Infusión de hojas.', 'AC', 0, 0, 1, 'Empleada como digestivo. Fuente: Basualdo & Soria (2014).', NULL, 'SYSTEM'),
  (10274, 'Maceración en agua fría y decocción.', 'AC', 0, 1, 1, 'Usada como refrescante y antirreumática. Fuente: Basualdo & Soria (2014).', NULL, 'SYSTEM'),
  (10275, 'Infusión de hojas.', 'AC', 0, 0, 1, 'Empleada para afecciones cardíacas. Fuente: Basualdo & Soria (2014).', NULL, 'SYSTEM'),
  (10276, 'Infusión de tallos y hojas.', 'AC', 1, 0, 1, 'Usada como digestivo y tónico amargo. Fuente: Basualdo & Soria (2014).', NULL, 'SYSTEM'),
  (10277, 'Infusión de hojas aromáticas.', 'AC', 1, 0, 1, 'Empleada como digestivo. Fuente: Basualdo & Soria (2014).', NULL, 'SYSTEM'),
  (10278, 'Infusión de hojas y flores.', 'AC', 0, 0, 1, 'Empleada como emenagogo, diurético y antipirético. Fuente: Basualdo & Soria (2014).', NULL, 'SYSTEM'),
  (10279, 'Infusión de hojas.', 'AC', 0, 0, 1, 'Usada como emenagogo y abortivo (uso no aprobado). Fuente: Basualdo & Soria (2014).', NULL, 'SYSTEM'),
  (10280, 'Infusión de hojas.', 'AC', 0, 0, 1, 'Empleada para afecciones hepáticas, renales y como hipoglucemiante. Fuente: Basualdo & Soria (2014).', NULL, 'SYSTEM'),
  (10281, 'Infusión de pétalos o fruto.', 'AC', 0, 0, 1, 'Empleada como laxante y purgante. Fuente: Basualdo & Soria (2014).', NULL, 'SYSTEM'),
  (10282, 'Infusión de hojas aromáticas.', 'AC', 0, 0, 1, 'Empleada como antiespasmódico en dolores menstruales. Fuente: Basualdo & Soria (2014).', NULL, 'SYSTEM'),
  (10283, 'Infusión de semillas y hojas.', 'AC', 0, 0, 1, 'Usada como diurético en el mercado de Pilar. Fuente: Basualdo & Soria (2014).', NULL, 'SYSTEM'),
  (10284, 'Infusión de hojas dulces.', 'AC', 1, 1, 1, 'Usada como antidiabético y endulzante natural. Fuente: Basualdo & Soria (2014).', NULL, 'SYSTEM'),
  (10285, 'Infusión de hojas.', 'AC', 0, 0, 1, 'Empleada como tranquilizante en el mercado de Pilar. Fuente: Basualdo & Soria (2014).', NULL, 'SYSTEM'),
  (10286, 'Infusión de hojas aromáticas.', 'AC', 0, 0, 1, 'Usada como tranquilizante tradicional. Fuente: Basualdo & Soria (2014).', NULL, 'SYSTEM'),
  (10287, 'Infusión de hojas.', 'AC', 0, 0, 1, 'Empleada para afecciones cardíacas y como digestivo. Fuente: Basualdo & Soria (2014).', NULL, 'SYSTEM'),
  (10288, 'Infusión de hojas.', 'AC', 0, 0, 1, 'Usada para afecciones del corazón y como antiparasitario. Fuente: Basualdo & Soria (2014).', NULL, 'SYSTEM'),
  (10289, 'Infusión de hojas.', 'AC', 0, 0, 1, 'Empleada como antitusivo y expectorante. Fuente: Basualdo & Soria (2014).', NULL, 'SYSTEM'),
  (10290, 'Infusión o decocción de la planta.', 'AC', 0, 0, 1, 'Usada para infecciones de la garganta. Fuente: Basualdo & Soria (2014).', NULL, 'SYSTEM'),
  (10291, 'Infusión de la planta entera.', 'AC', 0, 0, 1, 'Usada como diurético, depurativo y contra el empacho de los niños. Fuente: Basualdo & Soria (2014).', NULL, 'SYSTEM'),
  (10292, 'Infusión de hojas o corteza.', 'AC', 0, 0, 1, 'Usada como antidiabético en el mercado de Pilar. Fuente: Basualdo & Soria (2014).', NULL, 'SYSTEM'),
  (10293, 'Mezcla tradicional de cortezas y hojas astringentes en decocción.', 'AC', 0, 0, 1, 'Mezcla guaraní para combatir la diarrea: guayaba, granada, yvapurũ, guayacán, agrial, kaarẽ y palosanto. Fuente: MSPBS — Medicina guaraní-jesuita.', NULL, 'SYSTEM'),
  (10294, 'Decocción conjunta de la mezcla guaraní.', 'AC', 0, 0, 1, 'Mezcla empleada para infecciones: aromita, contrayerba, guavira y Santa Lucía. Fuente: MSPBS — Medicina guaraní-jesuita.', NULL, 'SYSTEM'),
  (10295, 'Decocción y fricciones con la mezcla guaraní de maderas y resinas.', 'AC', 0, 0, 1, 'Mezcla empleada contra el reumatismo: guayako, kaarova, kalaguala, palosanto y kupa''y. Fuente: MSPBS — Medicina guaraní-jesuita.', NULL, 'SYSTEM'),
  (10296, 'Infusión o decocción de la planta fresca.', 'AC', 0, 0, 1, 'Recetada por médicos indígenas en grandes epidemias de malaria. Fuente: MSPBS — Medicina guaraní-jesuita.', NULL, 'SYSTEM'),
  (10297, 'Aplicación externa de dos o más hojas sobre la parte hinchada.', 'AC', 0, 0, 0, 'Los guaraníes colocaban las hojas del aguape puru''ã sobre la parte hinchada durante el paludismo. Fuente: MSPBS — Medicina guaraní-jesuita.', NULL, 'SYSTEM'),
  (10298, 'Decocción de la mezcla guaraní para fiebres intermitentes.', 'AC', 0, 0, 1, 'Plantas usadas contra el paludismo: agrial, aguape puru''ã, jaguarundi, tapekue y taperyvá (Cassia). Fuente: MSPBS — Medicina guaraní-jesuita.', NULL, 'SYSTEM'),
  (10299, 'Unto del cuerpo con aceite de palma mezclado con el arilo rojo de las semillas de urukú.', 'AC', 0, 0, 0, 'Los guaraníes se untaban el cuerpo con aceite de palma y urukú para protegerse de los mosquitos transmisores de malaria. Fuente: MSPBS — Medicina guaraní-jesuita.', NULL, 'SYSTEM'),
  (10300, 'Aplicación tópica y decocción de la planta fresca.', 'AC', 0, 0, 1, 'Empleado por los indígenas para luchar contra la leishmaniosis americana. Fuente: MSPBS — Medicina guaraní-jesuita.', NULL, 'SYSTEM'),
  (10301, 'Decocción de la raíz emética.', 'AC', 0, 0, 1, 'Los indígenas tupíes usaban la raíz de ipecacuana para curar la disentería amebiana. Fuente: MSPBS — Medicina guaraní-jesuita.', NULL, 'SYSTEM'),
  (10302, 'Infusión empleada con baños calientes y fricciones aromáticas.', 'AC', 0, 0, 1, 'Contra la gripe, los indígenas usaban mburucuyá para calmar los dolores. Fuente: MSPBS — Medicina guaraní-jesuita.', NULL, 'SYSTEM'),
  (10303, 'Decocción combinada de hojas y cortezas.', 'AC', 0, 0, 1, 'Para el catarro usaban guavirami, kupa''y y taperyvá. Fuente: MSPBS — Medicina guaraní-jesuita.', NULL, 'SYSTEM'),
  (10304, 'Decocción de la mezcla guaraní.', 'AC', 0, 0, 1, 'Plantas calmantes guaraníes: aguara ponda, cardosanto, mburukujá, syiñandy y kapi''i katĩ. Fuente: MSPBS — Medicina guaraní-jesuita.', NULL, 'SYSTEM'),
  (10305, 'Decocción de la mezcla para baños sudoríficos.', 'AC', 0, 0, 1, 'Sudoríficos guaraníes: akapo, tarope, jaguarundi, ysypo morotĩ y cola de caballo. Fuente: MSPBS — Medicina guaraní-jesuita.', NULL, 'SYSTEM'),
  (10306, 'Decocción o jugo fresco de la mezcla.', 'AC', 0, 0, 1, 'Laxantes guaraníes: rosa mosqueta, andausu, karaguata y mba''ysyvo. Fuente: MSPBS — Medicina guaraní-jesuita.', NULL, 'SYSTEM'),
  (10307, 'Decocción combinada de hojas y cortezas.', 'AC', 0, 0, 1, 'Expectorantes guaraníes: amba''y, cardosanto, juasy''y, kumanda yvyra''i, malva blanca y mamón. Fuente: MSPBS — Medicina guaraní-jesuita.', NULL, 'SYSTEM'),
  (10308, 'Infusión de la mezcla guaraní.', 'AC', 0, 0, 1, 'Hepáticos guaraníes: kokũ, yaguareté ka''a y burrito. Fuente: MSPBS — Medicina guaraní-jesuita.', NULL, 'SYSTEM'),
  (10309, 'Aplicación tópica con fricciones y emplastos; uso de ventosas.', 'AC', 0, 0, 0, 'Contra picaduras y mordeduras de animales ponzoñosos: contrayerba, mbói ka''á, petỹ, kurupika''y y ñambi. Fuente: MSPBS — Medicina guaraní-jesuita.', NULL, 'SYSTEM'),
  (10310, 'Jugo o cataplasma aplicado sobre el ojo.', 'AC', 0, 0, 0, 'Para los ojos los guaraníes usaban zanahoria y guavira. Fuente: MSPBS — Medicina guaraní-jesuita.', NULL, 'SYSTEM'),
  (10311, 'Corteza puesta sobre brasas para aplicación tópica.', 'AC', 0, 0, 0, 'La corteza del güembé sobre brasas es un poderoso agente hemostático guaraní. Fuente: MSPBS — Medicina guaraní-jesuita.', NULL, 'SYSTEM'),
  (10312, 'El fruto se mezcla con un poco de azúcar y se da de beber a los niños.', 'AC', 0, 0, 1, 'Cardo Naayoyo mezclado con azúcar se daba a los niños para librarlos de lombrices, escorbuto y calenturas. Fuente: MSPBS — Medicina guaraní-jesuita.', NULL, 'SYSTEM'),
  (10313, 'Decocción de la planta.', 'AC', 0, 0, 1, 'Los guaraníes usaban el uru-katú (Catasetum fimbriatum) como agente antiespasmódico. Fuente: MSPBS — Medicina guaraní-jesuita.', NULL, 'SYSTEM'),
  (10314, 'Cocidas, machacadas y puestas sobre la zona afectada como emplasto.', 'AC', 0, 0, 0, 'Las batatillas cocidas y machacadas se aplican sobre heridas o llagas y calenturas. Fuente: MSPBS — Medicina guaraní-jesuita.', NULL, 'SYSTEM'),
  (10315, 'Infusión conjunta de la mezcla guaraní.', 'AC', 0, 0, 1, 'En menstruaciones dolorosas se medicaba con doradilla, siete sangrías, canchalagua y llantén. Fuente: MSPBS — Medicina guaraní-jesuita.', NULL, 'SYSTEM'),
  (10316, 'Bálsamo o Elixir de Misiones preparado con aguaraiva.', 'AC', 0, 0, 0, 'El P. Asperger creó el Bálsamo de Misiones con aguaraiva, usado para heridas, granos y sarnas. Fuente: MSPBS — Medicina guaraní-jesuita.', NULL, 'SYSTEM'),
  (10317, 'Se hierve la yerba, se lavan las llagas con la preparación y se aplica la yerba como emplasto.', 'AC', 0, 0, 0, 'La yerba plateada evita la putrefacción y cura rápidamente heridas frescas y llagas. Fuente: MSPBS — Medicina guaraní-jesuita.', NULL, 'SYSTEM'),
  (10318, 'Se quiebran las raíces del bálsamo y se hacen hervir en agua para formar el licor balsámico.', 'AC', 0, 0, 0, 'El licor balsámico cura heridas, llagas, escozores, quemaduras y escoriaciones. Fuente: MSPBS — Medicina guaraní-jesuita.', NULL, 'SYSTEM'),
  (10319, 'Aplicación tópica en emplastos y lavados de las mezclas guaraníes.', 'AC', 0, 0, 0, 'Para curar heridas también se empleaba ka''atái, kupa''y, tapekue y guavira. Fuente: MSPBS — Medicina guaraní-jesuita.', NULL, 'SYSTEM');

-- ------------------------------------------------------------------
-- poha_planta (372) — enlace M:N planta↔poha
-- ------------------------------------------------------------------
INSERT IGNORE INTO poha_planta (idplanta, idpoha, idusuario) VALUES
  (10001, 10001, 'SYSTEM'),
  (10002, 10002, 'SYSTEM'),
  (10002, 10003, 'SYSTEM'),
  (10002, 10004, 'SYSTEM'),
  (10003, 10005, 'SYSTEM'),
  (10003, 10006, 'SYSTEM'),
  (10003, 10007, 'SYSTEM'),
  (10004, 10008, 'SYSTEM'),
  (10005, 10009, 'SYSTEM'),
  (10006, 10010, 'SYSTEM'),
  (10006, 10011, 'SYSTEM'),
  (10007, 10012, 'SYSTEM'),
  (10008, 10013, 'SYSTEM'),
  (10009, 10014, 'SYSTEM'),
  (10009, 10015, 'SYSTEM'),
  (10010, 10016, 'SYSTEM'),
  (10010, 10017, 'SYSTEM'),
  (10011, 10018, 'SYSTEM'),
  (10011, 10019, 'SYSTEM'),
  (10011, 10020, 'SYSTEM'),
  (10012, 10021, 'SYSTEM'),
  (10012, 10022, 'SYSTEM'),
  (10012, 10023, 'SYSTEM'),
  (10013, 10024, 'SYSTEM'),
  (10013, 10025, 'SYSTEM'),
  (10014, 10026, 'SYSTEM'),
  (10015, 10027, 'SYSTEM'),
  (10016, 10028, 'SYSTEM'),
  (10016, 10029, 'SYSTEM'),
  (10016, 10030, 'SYSTEM'),
  (10017, 10031, 'SYSTEM'),
  (10017, 10032, 'SYSTEM'),
  (10018, 10033, 'SYSTEM'),
  (10019, 10034, 'SYSTEM'),
  (10020, 10035, 'SYSTEM'),
  (10020, 10036, 'SYSTEM'),
  (10021, 10037, 'SYSTEM'),
  (10022, 10038, 'SYSTEM'),
  (10023, 10039, 'SYSTEM'),
  (10024, 10040, 'SYSTEM'),
  (10025, 10041, 'SYSTEM'),
  (10025, 10042, 'SYSTEM'),
  (10026, 10043, 'SYSTEM'),
  (10027, 10044, 'SYSTEM'),
  (10028, 10045, 'SYSTEM'),
  (10028, 10046, 'SYSTEM'),
  (10029, 10047, 'SYSTEM'),
  (10030, 10048, 'SYSTEM'),
  (10030, 10049, 'SYSTEM'),
  (10031, 10050, 'SYSTEM'),
  (10031, 10051, 'SYSTEM'),
  (10032, 10052, 'SYSTEM'),
  (10033, 10053, 'SYSTEM'),
  (10034, 10054, 'SYSTEM'),
  (10034, 10055, 'SYSTEM'),
  (10035, 10056, 'SYSTEM'),
  (10035, 10057, 'SYSTEM'),
  (10036, 10058, 'SYSTEM'),
  (10036, 10059, 'SYSTEM'),
  (10037, 10060, 'SYSTEM'),
  (10038, 10061, 'SYSTEM'),
  (10039, 10062, 'SYSTEM'),
  (10039, 10063, 'SYSTEM'),
  (10040, 10064, 'SYSTEM'),
  (10041, 10065, 'SYSTEM'),
  (10041, 10066, 'SYSTEM'),
  (10042, 10067, 'SYSTEM'),
  (10043, 10068, 'SYSTEM'),
  (10044, 10069, 'SYSTEM'),
  (10044, 10070, 'SYSTEM'),
  (10045, 10071, 'SYSTEM'),
  (10045, 10072, 'SYSTEM'),
  (10046, 10073, 'SYSTEM'),
  (10046, 10074, 'SYSTEM'),
  (10046, 10075, 'SYSTEM'),
  (10047, 10076, 'SYSTEM'),
  (10047, 10077, 'SYSTEM'),
  (10048, 10078, 'SYSTEM'),
  (10048, 10079, 'SYSTEM'),
  (10049, 10080, 'SYSTEM'),
  (10050, 10081, 'SYSTEM'),
  (10050, 10082, 'SYSTEM'),
  (10051, 10083, 'SYSTEM'),
  (10051, 10084, 'SYSTEM'),
  (10052, 10085, 'SYSTEM'),
  (10052, 10086, 'SYSTEM'),
  (10052, 10087, 'SYSTEM'),
  (10053, 10088, 'SYSTEM'),
  (10053, 10089, 'SYSTEM'),
  (10053, 10090, 'SYSTEM'),
  (10054, 10091, 'SYSTEM'),
  (10055, 10092, 'SYSTEM'),
  (10055, 10093, 'SYSTEM'),
  (10055, 10094, 'SYSTEM'),
  (10056, 10095, 'SYSTEM'),
  (10057, 10096, 'SYSTEM'),
  (10057, 10097, 'SYSTEM'),
  (10058, 10098, 'SYSTEM'),
  (10058, 10099, 'SYSTEM'),
  (10059, 10100, 'SYSTEM'),
  (10060, 10101, 'SYSTEM'),
  (10060, 10102, 'SYSTEM'),
  (10061, 10103, 'SYSTEM'),
  (10062, 10104, 'SYSTEM'),
  (10063, 10105, 'SYSTEM'),
  (10064, 10106, 'SYSTEM'),
  (10064, 10107, 'SYSTEM'),
  (10065, 10108, 'SYSTEM'),
  (10066, 10109, 'SYSTEM'),
  (10066, 10110, 'SYSTEM'),
  (10067, 10111, 'SYSTEM'),
  (10067, 10112, 'SYSTEM'),
  (10068, 10113, 'SYSTEM'),
  (10068, 10114, 'SYSTEM'),
  (10069, 10115, 'SYSTEM'),
  (10069, 10116, 'SYSTEM'),
  (10070, 10117, 'SYSTEM'),
  (10071, 10118, 'SYSTEM'),
  (10072, 10119, 'SYSTEM'),
  (10072, 10120, 'SYSTEM'),
  (10073, 10121, 'SYSTEM'),
  (10073, 10122, 'SYSTEM'),
  (10074, 10123, 'SYSTEM'),
  (10075, 10124, 'SYSTEM'),
  (10076, 10125, 'SYSTEM'),
  (10076, 10126, 'SYSTEM'),
  (10077, 10127, 'SYSTEM'),
  (10078, 10128, 'SYSTEM'),
  (10079, 10129, 'SYSTEM'),
  (10080, 10130, 'SYSTEM'),
  (10153, 10131, 'SYSTEM'),
  (10153, 10132, 'SYSTEM'),
  (10101, 10133, 'SYSTEM'),
  (10154, 10134, 'SYSTEM'),
  (10154, 10135, 'SYSTEM'),
  (10154, 10136, 'SYSTEM'),
  (10155, 10137, 'SYSTEM'),
  (10155, 10138, 'SYSTEM'),
  (10156, 10139, 'SYSTEM'),
  (10005, 10140, 'SYSTEM'),
  (10157, 10141, 'SYSTEM'),
  (10157, 10142, 'SYSTEM'),
  (10024, 10143, 'SYSTEM'),
  (10024, 10144, 'SYSTEM'),
  (10149, 10145, 'SYSTEM'),
  (10149, 10146, 'SYSTEM'),
  (10158, 10147, 'SYSTEM'),
  (10158, 10148, 'SYSTEM'),
  (10159, 10149, 'SYSTEM'),
  (10159, 10150, 'SYSTEM'),
  (10102, 10151, 'SYSTEM'),
  (10102, 10152, 'SYSTEM'),
  (10160, 10153, 'SYSTEM'),
  (10160, 10154, 'SYSTEM'),
  (10011, 10155, 'SYSTEM'),
  (10161, 10156, 'SYSTEM'),
  (10161, 10157, 'SYSTEM'),
  (10162, 10158, 'SYSTEM'),
  (10016, 10159, 'SYSTEM'),
  (10016, 10160, 'SYSTEM'),
  (10016, 10161, 'SYSTEM'),
  (10017, 10162, 'SYSTEM'),
  (10163, 10163, 'SYSTEM'),
  (10163, 10164, 'SYSTEM'),
  (10164, 10165, 'SYSTEM'),
  (10164, 10166, 'SYSTEM'),
  (10165, 10167, 'SYSTEM'),
  (10166, 10168, 'SYSTEM'),
  (10166, 10169, 'SYSTEM'),
  (10166, 10170, 'SYSTEM'),
  (10116, 10171, 'SYSTEM'),
  (10116, 10172, 'SYSTEM'),
  (10074, 10173, 'SYSTEM'),
  (10074, 10174, 'SYSTEM'),
  (10110, 10175, 'SYSTEM'),
  (10110, 10176, 'SYSTEM'),
  (10027, 10177, 'SYSTEM'),
  (10027, 10178, 'SYSTEM'),
  (10028, 10179, 'SYSTEM'),
  (10028, 10180, 'SYSTEM'),
  (10005, 10180, 'SYSTEM'),
  (10181, 10180, 'SYSTEM'),
  (10036, 10181, 'SYSTEM'),
  (10036, 10182, 'SYSTEM'),
  (10167, 10183, 'SYSTEM'),
  (10168, 10184, 'SYSTEM'),
  (10041, 10185, 'SYSTEM'),
  (10169, 10186, 'SYSTEM'),
  (10170, 10187, 'SYSTEM'),
  (10170, 10188, 'SYSTEM'),
  (10171, 10189, 'SYSTEM'),
  (10171, 10190, 'SYSTEM'),
  (10172, 10191, 'SYSTEM'),
  (10172, 10192, 'SYSTEM'),
  (10173, 10193, 'SYSTEM'),
  (10173, 10194, 'SYSTEM'),
  (10047, 10195, 'SYSTEM'),
  (10047, 10196, 'SYSTEM'),
  (10111, 10197, 'SYSTEM'),
  (10090, 10198, 'SYSTEM'),
  (10090, 10199, 'SYSTEM'),
  (10157, 10199, 'SYSTEM'),
  (10173, 10199, 'SYSTEM'),
  (10162, 10199, 'SYSTEM'),
  (10090, 10200, 'SYSTEM'),
  (10050, 10201, 'SYSTEM'),
  (10050, 10202, 'SYSTEM'),
  (10051, 10203, 'SYSTEM'),
  (10051, 10204, 'SYSTEM'),
  (10174, 10205, 'SYSTEM'),
  (10175, 10206, 'SYSTEM'),
  (10175, 10207, 'SYSTEM'),
  (10176, 10208, 'SYSTEM'),
  (10176, 10209, 'SYSTEM'),
  (10177, 10210, 'SYSTEM'),
  (10177, 10211, 'SYSTEM'),
  (10092, 10212, 'SYSTEM'),
  (10178, 10213, 'SYSTEM'),
  (10179, 10214, 'SYSTEM'),
  (10105, 10215, 'SYSTEM'),
  (10105, 10216, 'SYSTEM'),
  (10107, 10217, 'SYSTEM'),
  (10107, 10218, 'SYSTEM'),
  (10107, 10219, 'SYSTEM'),
  (10180, 10220, 'SYSTEM'),
  (10180, 10221, 'SYSTEM'),
  (10181, 10222, 'SYSTEM'),
  (10181, 10223, 'SYSTEM'),
  (10181, 10224, 'SYSTEM'),
  (10182, 10225, 'SYSTEM'),
  (10071, 10226, 'SYSTEM'),
  (10072, 10227, 'SYSTEM'),
  (10072, 10228, 'SYSTEM'),
  (10104, 10229, 'SYSTEM'),
  (10104, 10230, 'SYSTEM'),
  (10183, 10231, 'SYSTEM'),
  (10184, 10232, 'SYSTEM'),
  (10184, 10233, 'SYSTEM'),
  (10185, 10234, 'SYSTEM'),
  (10185, 10235, 'SYSTEM'),
  (10186, 10236, 'SYSTEM'),
  (10076, 10237, 'SYSTEM'),
  (10076, 10238, 'SYSTEM'),
  (10187, 10239, 'SYSTEM'),
  (10081, 10240, 'SYSTEM'),
  (10005, 10241, 'SYSTEM'),
  (10006, 10242, 'SYSTEM'),
  (10010, 10243, 'SYSTEM'),
  (10082, 10244, 'SYSTEM'),
  (10083, 10245, 'SYSTEM'),
  (10013, 10246, 'SYSTEM'),
  (10049, 10247, 'SYSTEM'),
  (10020, 10248, 'SYSTEM'),
  (10084, 10249, 'SYSTEM'),
  (10085, 10250, 'SYSTEM'),
  (10086, 10251, 'SYSTEM'),
  (10087, 10252, 'SYSTEM'),
  (10088, 10253, 'SYSTEM'),
  (10044, 10254, 'SYSTEM'),
  (10089, 10255, 'SYSTEM'),
  (10090, 10256, 'SYSTEM'),
  (10053, 10257, 'SYSTEM'),
  (10091, 10258, 'SYSTEM'),
  (10092, 10259, 'SYSTEM'),
  (10093, 10260, 'SYSTEM'),
  (10094, 10261, 'SYSTEM'),
  (10095, 10262, 'SYSTEM'),
  (10096, 10263, 'SYSTEM'),
  (10097, 10264, 'SYSTEM'),
  (10098, 10265, 'SYSTEM'),
  (10099, 10266, 'SYSTEM'),
  (10100, 10267, 'SYSTEM'),
  (10101, 10268, 'SYSTEM'),
  (10102, 10269, 'SYSTEM'),
  (10066, 10270, 'SYSTEM'),
  (10036, 10271, 'SYSTEM'),
  (10067, 10272, 'SYSTEM'),
  (10103, 10273, 'SYSTEM'),
  (10104, 10274, 'SYSTEM'),
  (10105, 10275, 'SYSTEM'),
  (10027, 10276, 'SYSTEM'),
  (10008, 10277, 'SYSTEM'),
  (10106, 10278, 'SYSTEM'),
  (10107, 10279, 'SYSTEM'),
  (10058, 10280, 'SYSTEM'),
  (10108, 10281, 'SYSTEM'),
  (10109, 10282, 'SYSTEM'),
  (10110, 10283, 'SYSTEM'),
  (10034, 10284, 'SYSTEM'),
  (10111, 10285, 'SYSTEM'),
  (10015, 10286, 'SYSTEM'),
  (10014, 10287, 'SYSTEM'),
  (10112, 10288, 'SYSTEM'),
  (10113, 10289, 'SYSTEM'),
  (10017, 10290, 'SYSTEM'),
  (10114, 10291, 'SYSTEM'),
  (10115, 10292, 'SYSTEM'),
  (10024, 10293, 'SYSTEM'),
  (10116, 10293, 'SYSTEM'),
  (10117, 10293, 'SYSTEM'),
  (10023, 10293, 'SYSTEM'),
  (10002, 10293, 'SYSTEM'),
  (10036, 10293, 'SYSTEM'),
  (10055, 10293, 'SYSTEM'),
  (10072, 10294, 'SYSTEM'),
  (10118, 10294, 'SYSTEM'),
  (10119, 10294, 'SYSTEM'),
  (10120, 10294, 'SYSTEM'),
  (10121, 10295, 'SYSTEM'),
  (10122, 10295, 'SYSTEM'),
  (10123, 10295, 'SYSTEM'),
  (10055, 10295, 'SYSTEM'),
  (10043, 10295, 'SYSTEM'),
  (10124, 10296, 'SYSTEM'),
  (10081, 10297, 'SYSTEM'),
  (10002, 10298, 'SYSTEM'),
  (10081, 10298, 'SYSTEM'),
  (10028, 10298, 'SYSTEM'),
  (10126, 10298, 'SYSTEM'),
  (10125, 10298, 'SYSTEM'),
  (10127, 10299, 'SYSTEM'),
  (10128, 10300, 'SYSTEM'),
  (10129, 10301, 'SYSTEM'),
  (10111, 10302, 'SYSTEM'),
  (10119, 10303, 'SYSTEM'),
  (10043, 10303, 'SYSTEM'),
  (10125, 10303, 'SYSTEM'),
  (10152, 10303, 'SYSTEM'),
  (10131, 10304, 'SYSTEM'),
  (10013, 10304, 'SYSTEM'),
  (10111, 10304, 'SYSTEM'),
  (10132, 10304, 'SYSTEM'),
  (10083, 10304, 'SYSTEM'),
  (10104, 10305, 'SYSTEM'),
  (10028, 10305, 'SYSTEM'),
  (10020, 10305, 'SYSTEM'),
  (10126, 10305, 'SYSTEM'),
  (10108, 10306, 'SYSTEM'),
  (10133, 10306, 'SYSTEM'),
  (10040, 10306, 'SYSTEM'),
  (10134, 10306, 'SYSTEM'),
  (10005, 10307, 'SYSTEM'),
  (10013, 10307, 'SYSTEM'),
  (10135, 10307, 'SYSTEM'),
  (10136, 10307, 'SYSTEM'),
  (10137, 10307, 'SYSTEM'),
  (10046, 10307, 'SYSTEM'),
  (10138, 10308, 'SYSTEM'),
  (10027, 10308, 'SYSTEM'),
  (10008, 10308, 'SYSTEM'),
  (10118, 10309, 'SYSTEM'),
  (10139, 10309, 'SYSTEM'),
  (10140, 10309, 'SYSTEM'),
  (10141, 10309, 'SYSTEM'),
  (10142, 10309, 'SYSTEM'),
  (10143, 10310, 'SYSTEM'),
  (10119, 10310, 'SYSTEM'),
  (10146, 10311, 'SYSTEM'),
  (10147, 10312, 'SYSTEM'),
  (10148, 10313, 'SYSTEM'),
  (10149, 10314, 'SYSTEM'),
  (10150, 10315, 'SYSTEM'),
  (10071, 10315, 'SYSTEM'),
  (10151, 10315, 'SYSTEM'),
  (10044, 10315, 'SYSTEM'),
  (10130, 10316, 'SYSTEM'),
  (10144, 10317, 'SYSTEM'),
  (10145, 10318, 'SYSTEM'),
  (10128, 10319, 'SYSTEM'),
  (10043, 10319, 'SYSTEM'),
  (10126, 10319, 'SYSTEM'),
  (10119, 10319, 'SYSTEM');

-- ------------------------------------------------------------------
-- dolencias_poha (834) — enlace M:N dolencia↔poha
-- ------------------------------------------------------------------
INSERT IGNORE INTO dolencias_poha (iddolencias, idpoha, idusuario) VALUES
  (10019, 10001, 'SYSTEM'),
  (10043, 10001, 'SYSTEM'),
  (10028, 10002, 'SYSTEM'),
  (10048, 10002, 'SYSTEM'),
  (10064, 10002, 'SYSTEM'),
  (10040, 10003, 'SYSTEM'),
  (10044, 10003, 'SYSTEM'),
  (10059, 10004, 'SYSTEM'),
  (10056, 10005, 'SYSTEM'),
  (10064, 10005, 'SYSTEM'),
  (10028, 10006, 'SYSTEM'),
  (10048, 10006, 'SYSTEM'),
  (10044, 10007, 'SYSTEM'),
  (10050, 10007, 'SYSTEM'),
  (10001, 10008, 'SYSTEM'),
  (10028, 10008, 'SYSTEM'),
  (10047, 10008, 'SYSTEM'),
  (10008, 10009, 'SYSTEM'),
  (10032, 10009, 'SYSTEM'),
  (10053, 10009, 'SYSTEM'),
  (10024, 10010, 'SYSTEM'),
  (10044, 10010, 'SYSTEM'),
  (10027, 10011, 'SYSTEM'),
  (10047, 10011, 'SYSTEM'),
  (10043, 10012, 'SYSTEM'),
  (10048, 10012, 'SYSTEM'),
  (10064, 10012, 'SYSTEM'),
  (10019, 10013, 'SYSTEM'),
  (10047, 10013, 'SYSTEM'),
  (10056, 10013, 'SYSTEM'),
  (10067, 10013, 'SYSTEM'),
  (10029, 10014, 'SYSTEM'),
  (10044, 10014, 'SYSTEM'),
  (10014, 10015, 'SYSTEM'),
  (10043, 10015, 'SYSTEM'),
  (10068, 10015, 'SYSTEM'),
  (10012, 10016, 'SYSTEM'),
  (10057, 10016, 'SYSTEM'),
  (10001, 10017, 'SYSTEM'),
  (10018, 10017, 'SYSTEM'),
  (10049, 10017, 'SYSTEM'),
  (10009, 10018, 'SYSTEM'),
  (10033, 10018, 'SYSTEM'),
  (10043, 10018, 'SYSTEM'),
  (10005, 10019, 'SYSTEM'),
  (10031, 10019, 'SYSTEM'),
  (10040, 10019, 'SYSTEM'),
  (10049, 10020, 'SYSTEM'),
  (10067, 10020, 'SYSTEM'),
  (10043, 10021, 'SYSTEM'),
  (10048, 10021, 'SYSTEM'),
  (10049, 10021, 'SYSTEM'),
  (10040, 10022, 'SYSTEM'),
  (10044, 10022, 'SYSTEM'),
  (10033, 10023, 'SYSTEM'),
  (10047, 10023, 'SYSTEM'),
  (10001, 10024, 'SYSTEM'),
  (10048, 10024, 'SYSTEM'),
  (10049, 10024, 'SYSTEM'),
  (10008, 10025, 'SYSTEM'),
  (10014, 10026, 'SYSTEM'),
  (10047, 10026, 'SYSTEM'),
  (10067, 10026, 'SYSTEM'),
  (10014, 10027, 'SYSTEM'),
  (10039, 10027, 'SYSTEM'),
  (10047, 10027, 'SYSTEM'),
  (10052, 10027, 'SYSTEM'),
  (10031, 10028, 'SYSTEM'),
  (10040, 10028, 'SYSTEM'),
  (10017, 10029, 'SYSTEM'),
  (10067, 10029, 'SYSTEM'),
  (10009, 10030, 'SYSTEM'),
  (10043, 10031, 'SYSTEM'),
  (10048, 10031, 'SYSTEM'),
  (10028, 10032, 'SYSTEM'),
  (10056, 10032, 'SYSTEM'),
  (10064, 10032, 'SYSTEM'),
  (10013, 10033, 'SYSTEM'),
  (10039, 10033, 'SYSTEM'),
  (10047, 10033, 'SYSTEM'),
  (10031, 10034, 'SYSTEM'),
  (10043, 10034, 'SYSTEM'),
  (10047, 10034, 'SYSTEM'),
  (10053, 10034, 'SYSTEM'),
  (10024, 10035, 'SYSTEM'),
  (10048, 10035, 'SYSTEM'),
  (10031, 10036, 'SYSTEM'),
  (10040, 10036, 'SYSTEM'),
  (10047, 10037, 'SYSTEM'),
  (10001, 10038, 'SYSTEM'),
  (10043, 10038, 'SYSTEM'),
  (10012, 10039, 'SYSTEM'),
  (10014, 10039, 'SYSTEM'),
  (10017, 10040, 'SYSTEM'),
  (10024, 10040, 'SYSTEM'),
  (10008, 10041, 'SYSTEM'),
  (10020, 10041, 'SYSTEM'),
  (10032, 10041, 'SYSTEM'),
  (10012, 10042, 'SYSTEM'),
  (10016, 10043, 'SYSTEM'),
  (10019, 10043, 'SYSTEM'),
  (10029, 10043, 'SYSTEM'),
  (10047, 10044, 'SYSTEM'),
  (10048, 10044, 'SYSTEM'),
  (10068, 10044, 'SYSTEM'),
  (10008, 10045, 'SYSTEM'),
  (10032, 10045, 'SYSTEM'),
  (10053, 10045, 'SYSTEM'),
  (10013, 10046, 'SYSTEM'),
  (10047, 10046, 'SYSTEM'),
  (10059, 10046, 'SYSTEM'),
  (10020, 10047, 'SYSTEM'),
  (10047, 10047, 'SYSTEM'),
  (10056, 10047, 'SYSTEM'),
  (10029, 10048, 'SYSTEM'),
  (10046, 10048, 'SYSTEM'),
  (10048, 10048, 'SYSTEM'),
  (10047, 10049, 'SYSTEM'),
  (10064, 10049, 'SYSTEM'),
  (10002, 10050, 'SYSTEM'),
  (10047, 10050, 'SYSTEM'),
  (10056, 10050, 'SYSTEM'),
  (10012, 10051, 'SYSTEM'),
  (10019, 10051, 'SYSTEM'),
  (10048, 10051, 'SYSTEM'),
  (10043, 10052, 'SYSTEM'),
  (10048, 10052, 'SYSTEM'),
  (10064, 10052, 'SYSTEM'),
  (10056, 10053, 'SYSTEM'),
  (10002, 10054, 'SYSTEM'),
  (10012, 10054, 'SYSTEM'),
  (10048, 10054, 'SYSTEM'),
  (10019, 10055, 'SYSTEM'),
  (10025, 10056, 'SYSTEM'),
  (10031, 10056, 'SYSTEM'),
  (10044, 10056, 'SYSTEM'),
  (10013, 10057, 'SYSTEM'),
  (10018, 10057, 'SYSTEM'),
  (10027, 10057, 'SYSTEM'),
  (10027, 10058, 'SYSTEM'),
  (10024, 10059, 'SYSTEM'),
  (10044, 10059, 'SYSTEM'),
  (10032, 10060, 'SYSTEM'),
  (10050, 10060, 'SYSTEM'),
  (10053, 10060, 'SYSTEM'),
  (10014, 10061, 'SYSTEM'),
  (10048, 10061, 'SYSTEM'),
  (10052, 10061, 'SYSTEM'),
  (10053, 10062, 'SYSTEM'),
  (10001, 10063, 'SYSTEM'),
  (10048, 10063, 'SYSTEM'),
  (10056, 10063, 'SYSTEM'),
  (10020, 10064, 'SYSTEM'),
  (10012, 10065, 'SYSTEM'),
  (10041, 10065, 'SYSTEM'),
  (10056, 10065, 'SYSTEM'),
  (10047, 10066, 'SYSTEM'),
  (10064, 10066, 'SYSTEM'),
  (10017, 10067, 'SYSTEM'),
  (10032, 10067, 'SYSTEM'),
  (10032, 10068, 'SYSTEM'),
  (10014, 10069, 'SYSTEM'),
  (10020, 10069, 'SYSTEM'),
  (10048, 10069, 'SYSTEM'),
  (10040, 10070, 'SYSTEM'),
  (10044, 10070, 'SYSTEM'),
  (10050, 10070, 'SYSTEM'),
  (10017, 10071, 'SYSTEM'),
  (10032, 10071, 'SYSTEM'),
  (10053, 10071, 'SYSTEM'),
  (10017, 10072, 'SYSTEM'),
  (10050, 10072, 'SYSTEM'),
  (10047, 10073, 'SYSTEM'),
  (10058, 10073, 'SYSTEM'),
  (10008, 10074, 'SYSTEM'),
  (10032, 10074, 'SYSTEM'),
  (10053, 10074, 'SYSTEM'),
  (10027, 10075, 'SYSTEM'),
  (10063, 10075, 'SYSTEM'),
  (10014, 10076, 'SYSTEM'),
  (10039, 10076, 'SYSTEM'),
  (10047, 10076, 'SYSTEM'),
  (10044, 10077, 'SYSTEM'),
  (10009, 10078, 'SYSTEM'),
  (10029, 10078, 'SYSTEM'),
  (10043, 10078, 'SYSTEM'),
  (10049, 10078, 'SYSTEM'),
  (10017, 10079, 'SYSTEM'),
  (10020, 10079, 'SYSTEM'),
  (10048, 10080, 'SYSTEM'),
  (10049, 10080, 'SYSTEM'),
  (10014, 10081, 'SYSTEM'),
  (10047, 10081, 'SYSTEM'),
  (10067, 10081, 'SYSTEM'),
  (10018, 10082, 'SYSTEM'),
  (10050, 10082, 'SYSTEM'),
  (10002, 10083, 'SYSTEM'),
  (10012, 10083, 'SYSTEM'),
  (10057, 10083, 'SYSTEM'),
  (10029, 10084, 'SYSTEM'),
  (10040, 10084, 'SYSTEM'),
  (10063, 10084, 'SYSTEM'),
  (10012, 10085, 'SYSTEM'),
  (10019, 10085, 'SYSTEM'),
  (10057, 10085, 'SYSTEM'),
  (10039, 10086, 'SYSTEM'),
  (10047, 10086, 'SYSTEM'),
  (10056, 10086, 'SYSTEM'),
  (10017, 10087, 'SYSTEM'),
  (10020, 10087, 'SYSTEM'),
  (10019, 10088, 'SYSTEM'),
  (10048, 10088, 'SYSTEM'),
  (10001, 10089, 'SYSTEM'),
  (10049, 10089, 'SYSTEM'),
  (10005, 10090, 'SYSTEM'),
  (10028, 10090, 'SYSTEM'),
  (10032, 10090, 'SYSTEM'),
  (10019, 10091, 'SYSTEM'),
  (10048, 10091, 'SYSTEM'),
  (10064, 10091, 'SYSTEM'),
  (10028, 10092, 'SYSTEM'),
  (10043, 10092, 'SYSTEM'),
  (10046, 10092, 'SYSTEM'),
  (10048, 10092, 'SYSTEM'),
  (10040, 10093, 'SYSTEM'),
  (10044, 10093, 'SYSTEM'),
  (10020, 10094, 'SYSTEM'),
  (10057, 10094, 'SYSTEM'),
  (10048, 10095, 'SYSTEM'),
  (10013, 10096, 'SYSTEM'),
  (10020, 10096, 'SYSTEM'),
  (10028, 10096, 'SYSTEM'),
  (10053, 10096, 'SYSTEM'),
  (10002, 10097, 'SYSTEM'),
  (10033, 10097, 'SYSTEM'),
  (10012, 10098, 'SYSTEM'),
  (10056, 10098, 'SYSTEM'),
  (10020, 10099, 'SYSTEM'),
  (10047, 10099, 'SYSTEM'),
  (10048, 10099, 'SYSTEM'),
  (10057, 10099, 'SYSTEM'),
  (10025, 10100, 'SYSTEM'),
  (10029, 10100, 'SYSTEM'),
  (10017, 10101, 'SYSTEM'),
  (10019, 10101, 'SYSTEM'),
  (10032, 10101, 'SYSTEM'),
  (10064, 10101, 'SYSTEM'),
  (10048, 10102, 'SYSTEM'),
  (10013, 10103, 'SYSTEM'),
  (10056, 10103, 'SYSTEM'),
  (10001, 10104, 'SYSTEM'),
  (10019, 10104, 'SYSTEM'),
  (10048, 10104, 'SYSTEM'),
  (10049, 10104, 'SYSTEM'),
  (10014, 10105, 'SYSTEM'),
  (10047, 10105, 'SYSTEM'),
  (10048, 10105, 'SYSTEM'),
  (10067, 10105, 'SYSTEM'),
  (10012, 10106, 'SYSTEM'),
  (10020, 10106, 'SYSTEM'),
  (10047, 10106, 'SYSTEM'),
  (10018, 10107, 'SYSTEM'),
  (10029, 10107, 'SYSTEM'),
  (10044, 10107, 'SYSTEM'),
  (10006, 10108, 'SYSTEM'),
  (10029, 10108, 'SYSTEM'),
  (10043, 10108, 'SYSTEM'),
  (10013, 10109, 'SYSTEM'),
  (10027, 10109, 'SYSTEM'),
  (10028, 10109, 'SYSTEM'),
  (10008, 10110, 'SYSTEM'),
  (10018, 10110, 'SYSTEM'),
  (10053, 10110, 'SYSTEM'),
  (10009, 10111, 'SYSTEM'),
  (10012, 10111, 'SYSTEM'),
  (10040, 10112, 'SYSTEM'),
  (10044, 10112, 'SYSTEM'),
  (10020, 10113, 'SYSTEM'),
  (10044, 10113, 'SYSTEM'),
  (10012, 10114, 'SYSTEM'),
  (10020, 10115, 'SYSTEM'),
  (10048, 10115, 'SYSTEM'),
  (10058, 10115, 'SYSTEM'),
  (10064, 10115, 'SYSTEM'),
  (10044, 10116, 'SYSTEM'),
  (10012, 10117, 'SYSTEM'),
  (10013, 10118, 'SYSTEM'),
  (10019, 10118, 'SYSTEM'),
  (10038, 10118, 'SYSTEM'),
  (10020, 10119, 'SYSTEM'),
  (10044, 10119, 'SYSTEM'),
  (10001, 10120, 'SYSTEM'),
  (10047, 10120, 'SYSTEM'),
  (10048, 10120, 'SYSTEM'),
  (10008, 10121, 'SYSTEM'),
  (10017, 10121, 'SYSTEM'),
  (10032, 10121, 'SYSTEM'),
  (10053, 10121, 'SYSTEM'),
  (10028, 10122, 'SYSTEM'),
  (10050, 10122, 'SYSTEM'),
  (10064, 10122, 'SYSTEM'),
  (10013, 10123, 'SYSTEM'),
  (10017, 10123, 'SYSTEM'),
  (10047, 10123, 'SYSTEM'),
  (10002, 10124, 'SYSTEM'),
  (10047, 10124, 'SYSTEM'),
  (10048, 10124, 'SYSTEM'),
  (10052, 10124, 'SYSTEM'),
  (10001, 10125, 'SYSTEM'),
  (10004, 10125, 'SYSTEM'),
  (10029, 10125, 'SYSTEM'),
  (10031, 10126, 'SYSTEM'),
  (10044, 10126, 'SYSTEM'),
  (10012, 10127, 'SYSTEM'),
  (10039, 10127, 'SYSTEM'),
  (10017, 10128, 'SYSTEM'),
  (10031, 10128, 'SYSTEM'),
  (10040, 10128, 'SYSTEM'),
  (10043, 10129, 'SYSTEM'),
  (10048, 10129, 'SYSTEM'),
  (10043, 10130, 'SYSTEM'),
  (10048, 10130, 'SYSTEM'),
  (10064, 10130, 'SYSTEM'),
  (10027, 10131, 'SYSTEM'),
  (10047, 10131, 'SYSTEM'),
  (10048, 10131, 'SYSTEM'),
  (10058, 10131, 'SYSTEM'),
  (10035, 10132, 'SYSTEM'),
  (10047, 10132, 'SYSTEM'),
  (10027, 10133, 'SYSTEM'),
  (10039, 10133, 'SYSTEM'),
  (10047, 10133, 'SYSTEM'),
  (10049, 10133, 'SYSTEM'),
  (10053, 10133, 'SYSTEM'),
  (10005, 10134, 'SYSTEM'),
  (10032, 10134, 'SYSTEM'),
  (10039, 10134, 'SYSTEM'),
  (10047, 10134, 'SYSTEM'),
  (10054, 10134, 'SYSTEM'),
  (10067, 10134, 'SYSTEM'),
  (10031, 10135, 'SYSTEM'),
  (10040, 10135, 'SYSTEM'),
  (10054, 10136, 'SYSTEM'),
  (10041, 10137, 'SYSTEM'),
  (10047, 10137, 'SYSTEM'),
  (10056, 10137, 'SYSTEM'),
  (10058, 10137, 'SYSTEM'),
  (10040, 10138, 'SYSTEM'),
  (10044, 10138, 'SYSTEM'),
  (10050, 10138, 'SYSTEM'),
  (10043, 10139, 'SYSTEM'),
  (10047, 10139, 'SYSTEM'),
  (10048, 10139, 'SYSTEM'),
  (10056, 10139, 'SYSTEM'),
  (10058, 10139, 'SYSTEM'),
  (10013, 10140, 'SYSTEM'),
  (10032, 10140, 'SYSTEM'),
  (10038, 10140, 'SYSTEM'),
  (10053, 10140, 'SYSTEM'),
  (10014, 10141, 'SYSTEM'),
  (10035, 10141, 'SYSTEM'),
  (10039, 10141, 'SYSTEM'),
  (10047, 10141, 'SYSTEM'),
  (10053, 10141, 'SYSTEM'),
  (10054, 10141, 'SYSTEM'),
  (10025, 10142, 'SYSTEM'),
  (10027, 10142, 'SYSTEM'),
  (10013, 10143, 'SYSTEM'),
  (10031, 10143, 'SYSTEM'),
  (10047, 10143, 'SYSTEM'),
  (10049, 10143, 'SYSTEM'),
  (10031, 10144, 'SYSTEM'),
  (10043, 10145, 'SYSTEM'),
  (10048, 10145, 'SYSTEM'),
  (10064, 10145, 'SYSTEM'),
  (10031, 10146, 'SYSTEM'),
  (10040, 10146, 'SYSTEM'),
  (10007, 10147, 'SYSTEM'),
  (10032, 10147, 'SYSTEM'),
  (10035, 10147, 'SYSTEM'),
  (10048, 10147, 'SYSTEM'),
  (10053, 10147, 'SYSTEM'),
  (10044, 10148, 'SYSTEM'),
  (10020, 10149, 'SYSTEM'),
  (10041, 10149, 'SYSTEM'),
  (10047, 10149, 'SYSTEM'),
  (10048, 10149, 'SYSTEM'),
  (10056, 10149, 'SYSTEM'),
  (10029, 10150, 'SYSTEM'),
  (10044, 10150, 'SYSTEM'),
  (10017, 10151, 'SYSTEM'),
  (10020, 10151, 'SYSTEM'),
  (10046, 10151, 'SYSTEM'),
  (10048, 10151, 'SYSTEM'),
  (10053, 10151, 'SYSTEM'),
  (10005, 10152, 'SYSTEM'),
  (10020, 10152, 'SYSTEM'),
  (10039, 10153, 'SYSTEM'),
  (10047, 10153, 'SYSTEM'),
  (10056, 10153, 'SYSTEM'),
  (10020, 10154, 'SYSTEM'),
  (10031, 10154, 'SYSTEM'),
  (10005, 10155, 'SYSTEM'),
  (10033, 10155, 'SYSTEM'),
  (10040, 10155, 'SYSTEM'),
  (10007, 10156, 'SYSTEM'),
  (10012, 10156, 'SYSTEM'),
  (10024, 10156, 'SYSTEM'),
  (10028, 10156, 'SYSTEM'),
  (10029, 10156, 'SYSTEM'),
  (10035, 10156, 'SYSTEM'),
  (10047, 10156, 'SYSTEM'),
  (10048, 10156, 'SYSTEM'),
  (10020, 10157, 'SYSTEM'),
  (10040, 10157, 'SYSTEM'),
  (10014, 10158, 'SYSTEM'),
  (10039, 10158, 'SYSTEM'),
  (10046, 10158, 'SYSTEM'),
  (10047, 10158, 'SYSTEM'),
  (10067, 10158, 'SYSTEM'),
  (10018, 10159, 'SYSTEM'),
  (10020, 10159, 'SYSTEM'),
  (10031, 10159, 'SYSTEM'),
  (10040, 10159, 'SYSTEM'),
  (10020, 10160, 'SYSTEM'),
  (10031, 10160, 'SYSTEM'),
  (10020, 10161, 'SYSTEM'),
  (10029, 10161, 'SYSTEM'),
  (10020, 10162, 'SYSTEM'),
  (10028, 10162, 'SYSTEM'),
  (10031, 10162, 'SYSTEM'),
  (10048, 10162, 'SYSTEM'),
  (10019, 10163, 'SYSTEM'),
  (10036, 10163, 'SYSTEM'),
  (10040, 10163, 'SYSTEM'),
  (10048, 10163, 'SYSTEM'),
  (10055, 10163, 'SYSTEM'),
  (10040, 10164, 'SYSTEM'),
  (10055, 10164, 'SYSTEM'),
  (10028, 10165, 'SYSTEM'),
  (10029, 10165, 'SYSTEM'),
  (10032, 10165, 'SYSTEM'),
  (10047, 10165, 'SYSTEM'),
  (10049, 10165, 'SYSTEM'),
  (10053, 10165, 'SYSTEM'),
  (10044, 10166, 'SYSTEM'),
  (10014, 10167, 'SYSTEM'),
  (10039, 10167, 'SYSTEM'),
  (10047, 10167, 'SYSTEM'),
  (10048, 10167, 'SYSTEM'),
  (10054, 10167, 'SYSTEM'),
  (10008, 10168, 'SYSTEM'),
  (10017, 10168, 'SYSTEM'),
  (10028, 10168, 'SYSTEM'),
  (10031, 10168, 'SYSTEM'),
  (10053, 10168, 'SYSTEM'),
  (10031, 10169, 'SYSTEM'),
  (10053, 10169, 'SYSTEM'),
  (10029, 10170, 'SYSTEM'),
  (10031, 10170, 'SYSTEM'),
  (10013, 10171, 'SYSTEM'),
  (10027, 10171, 'SYSTEM'),
  (10036, 10171, 'SYSTEM'),
  (10047, 10171, 'SYSTEM'),
  (10031, 10172, 'SYSTEM'),
  (10047, 10173, 'SYSTEM'),
  (10049, 10173, 'SYSTEM'),
  (10052, 10173, 'SYSTEM'),
  (10020, 10174, 'SYSTEM'),
  (10035, 10175, 'SYSTEM'),
  (10039, 10175, 'SYSTEM'),
  (10047, 10175, 'SYSTEM'),
  (10048, 10175, 'SYSTEM'),
  (10049, 10175, 'SYSTEM'),
  (10054, 10175, 'SYSTEM'),
  (10020, 10176, 'SYSTEM'),
  (10013, 10177, 'SYSTEM'),
  (10024, 10177, 'SYSTEM'),
  (10027, 10177, 'SYSTEM'),
  (10028, 10177, 'SYSTEM'),
  (10035, 10177, 'SYSTEM'),
  (10047, 10177, 'SYSTEM'),
  (10056, 10177, 'SYSTEM'),
  (10020, 10178, 'SYSTEM'),
  (10031, 10178, 'SYSTEM'),
  (10005, 10179, 'SYSTEM'),
  (10008, 10179, 'SYSTEM'),
  (10053, 10179, 'SYSTEM'),
  (10008, 10180, 'SYSTEM'),
  (10032, 10180, 'SYSTEM'),
  (10053, 10180, 'SYSTEM'),
  (10007, 10181, 'SYSTEM'),
  (10024, 10181, 'SYSTEM'),
  (10027, 10181, 'SYSTEM'),
  (10047, 10181, 'SYSTEM'),
  (10020, 10182, 'SYSTEM'),
  (10027, 10182, 'SYSTEM'),
  (10014, 10183, 'SYSTEM'),
  (10031, 10183, 'SYSTEM'),
  (10039, 10183, 'SYSTEM'),
  (10046, 10183, 'SYSTEM'),
  (10047, 10183, 'SYSTEM'),
  (10048, 10183, 'SYSTEM'),
  (10029, 10184, 'SYSTEM'),
  (10043, 10184, 'SYSTEM'),
  (10048, 10184, 'SYSTEM'),
  (10041, 10185, 'SYSTEM'),
  (10047, 10185, 'SYSTEM'),
  (10056, 10185, 'SYSTEM'),
  (10005, 10186, 'SYSTEM'),
  (10035, 10186, 'SYSTEM'),
  (10039, 10186, 'SYSTEM'),
  (10046, 10186, 'SYSTEM'),
  (10047, 10186, 'SYSTEM'),
  (10020, 10187, 'SYSTEM'),
  (10031, 10187, 'SYSTEM'),
  (10058, 10187, 'SYSTEM'),
  (10040, 10188, 'SYSTEM'),
  (10044, 10188, 'SYSTEM'),
  (10013, 10189, 'SYSTEM'),
  (10020, 10189, 'SYSTEM'),
  (10031, 10189, 'SYSTEM'),
  (10033, 10189, 'SYSTEM'),
  (10047, 10189, 'SYSTEM'),
  (10020, 10190, 'SYSTEM'),
  (10031, 10190, 'SYSTEM'),
  (10008, 10191, 'SYSTEM'),
  (10017, 10191, 'SYSTEM'),
  (10020, 10191, 'SYSTEM'),
  (10048, 10191, 'SYSTEM'),
  (10050, 10191, 'SYSTEM'),
  (10053, 10191, 'SYSTEM'),
  (10058, 10191, 'SYSTEM'),
  (10020, 10192, 'SYSTEM'),
  (10040, 10192, 'SYSTEM'),
  (10050, 10192, 'SYSTEM'),
  (10014, 10193, 'SYSTEM'),
  (10020, 10193, 'SYSTEM'),
  (10024, 10193, 'SYSTEM'),
  (10033, 10193, 'SYSTEM'),
  (10039, 10193, 'SYSTEM'),
  (10047, 10193, 'SYSTEM'),
  (10067, 10193, 'SYSTEM'),
  (10031, 10194, 'SYSTEM'),
  (10040, 10194, 'SYSTEM'),
  (10044, 10194, 'SYSTEM'),
  (10020, 10195, 'SYSTEM'),
  (10039, 10195, 'SYSTEM'),
  (10047, 10195, 'SYSTEM'),
  (10049, 10195, 'SYSTEM'),
  (10067, 10195, 'SYSTEM'),
  (10020, 10196, 'SYSTEM'),
  (10031, 10196, 'SYSTEM'),
  (10008, 10197, 'SYSTEM'),
  (10011, 10197, 'SYSTEM'),
  (10013, 10197, 'SYSTEM'),
  (10032, 10197, 'SYSTEM'),
  (10037, 10197, 'SYSTEM'),
  (10067, 10197, 'SYSTEM'),
  (10031, 10198, 'SYSTEM'),
  (10039, 10198, 'SYSTEM'),
  (10041, 10198, 'SYSTEM'),
  (10047, 10198, 'SYSTEM'),
  (10053, 10198, 'SYSTEM'),
  (10014, 10199, 'SYSTEM'),
  (10039, 10199, 'SYSTEM'),
  (10047, 10199, 'SYSTEM'),
  (10005, 10200, 'SYSTEM'),
  (10020, 10200, 'SYSTEM'),
  (10029, 10200, 'SYSTEM'),
  (10014, 10201, 'SYSTEM'),
  (10067, 10201, 'SYSTEM'),
  (10018, 10202, 'SYSTEM'),
  (10035, 10202, 'SYSTEM'),
  (10068, 10202, 'SYSTEM'),
  (10029, 10203, 'SYSTEM'),
  (10031, 10203, 'SYSTEM'),
  (10040, 10203, 'SYSTEM'),
  (10043, 10203, 'SYSTEM'),
  (10063, 10203, 'SYSTEM'),
  (10031, 10204, 'SYSTEM'),
  (10040, 10204, 'SYSTEM'),
  (10047, 10205, 'SYSTEM'),
  (10052, 10205, 'SYSTEM'),
  (10008, 10206, 'SYSTEM'),
  (10014, 10206, 'SYSTEM'),
  (10017, 10206, 'SYSTEM'),
  (10047, 10206, 'SYSTEM'),
  (10053, 10206, 'SYSTEM'),
  (10031, 10207, 'SYSTEM'),
  (10040, 10207, 'SYSTEM'),
  (10013, 10208, 'SYSTEM'),
  (10031, 10208, 'SYSTEM'),
  (10036, 10208, 'SYSTEM'),
  (10055, 10208, 'SYSTEM'),
  (10018, 10209, 'SYSTEM'),
  (10040, 10209, 'SYSTEM'),
  (10044, 10209, 'SYSTEM'),
  (10029, 10210, 'SYSTEM'),
  (10043, 10210, 'SYSTEM'),
  (10048, 10210, 'SYSTEM'),
  (10064, 10210, 'SYSTEM'),
  (10031, 10211, 'SYSTEM'),
  (10040, 10211, 'SYSTEM'),
  (10048, 10212, 'SYSTEM'),
  (10064, 10212, 'SYSTEM'),
  (10043, 10213, 'SYSTEM'),
  (10048, 10213, 'SYSTEM'),
  (10049, 10213, 'SYSTEM'),
  (10064, 10213, 'SYSTEM'),
  (10008, 10214, 'SYSTEM'),
  (10039, 10214, 'SYSTEM'),
  (10047, 10214, 'SYSTEM'),
  (10049, 10214, 'SYSTEM'),
  (10053, 10214, 'SYSTEM'),
  (10014, 10215, 'SYSTEM'),
  (10031, 10215, 'SYSTEM'),
  (10039, 10215, 'SYSTEM'),
  (10046, 10215, 'SYSTEM'),
  (10047, 10215, 'SYSTEM'),
  (10048, 10215, 'SYSTEM'),
  (10049, 10215, 'SYSTEM'),
  (10029, 10216, 'SYSTEM'),
  (10044, 10216, 'SYSTEM'),
  (10049, 10217, 'SYSTEM'),
  (10066, 10217, 'SYSTEM'),
  (10027, 10218, 'SYSTEM'),
  (10029, 10219, 'SYSTEM'),
  (10044, 10219, 'SYSTEM'),
  (10031, 10220, 'SYSTEM'),
  (10047, 10220, 'SYSTEM'),
  (10049, 10220, 'SYSTEM'),
  (10053, 10220, 'SYSTEM'),
  (10020, 10221, 'SYSTEM'),
  (10031, 10221, 'SYSTEM'),
  (10040, 10221, 'SYSTEM'),
  (10017, 10222, 'SYSTEM'),
  (10029, 10222, 'SYSTEM'),
  (10046, 10222, 'SYSTEM'),
  (10048, 10222, 'SYSTEM'),
  (10018, 10223, 'SYSTEM'),
  (10029, 10223, 'SYSTEM'),
  (10063, 10224, 'SYSTEM'),
  (10058, 10225, 'SYSTEM'),
  (10063, 10225, 'SYSTEM'),
  (10019, 10226, 'SYSTEM'),
  (10029, 10226, 'SYSTEM'),
  (10043, 10226, 'SYSTEM'),
  (10048, 10226, 'SYSTEM'),
  (10020, 10227, 'SYSTEM'),
  (10029, 10227, 'SYSTEM'),
  (10043, 10227, 'SYSTEM'),
  (10048, 10227, 'SYSTEM'),
  (10020, 10228, 'SYSTEM'),
  (10031, 10228, 'SYSTEM'),
  (10040, 10228, 'SYSTEM'),
  (10020, 10229, 'SYSTEM'),
  (10028, 10229, 'SYSTEM'),
  (10046, 10229, 'SYSTEM'),
  (10048, 10229, 'SYSTEM'),
  (10052, 10229, 'SYSTEM'),
  (10026, 10230, 'SYSTEM'),
  (10014, 10231, 'SYSTEM'),
  (10032, 10231, 'SYSTEM'),
  (10046, 10231, 'SYSTEM'),
  (10047, 10231, 'SYSTEM'),
  (10067, 10231, 'SYSTEM'),
  (10014, 10232, 'SYSTEM'),
  (10017, 10232, 'SYSTEM'),
  (10025, 10232, 'SYSTEM'),
  (10027, 10232, 'SYSTEM'),
  (10031, 10232, 'SYSTEM'),
  (10035, 10232, 'SYSTEM'),
  (10041, 10232, 'SYSTEM'),
  (10048, 10232, 'SYSTEM'),
  (10053, 10232, 'SYSTEM'),
  (10029, 10233, 'SYSTEM'),
  (10031, 10233, 'SYSTEM'),
  (10040, 10233, 'SYSTEM'),
  (10014, 10234, 'SYSTEM'),
  (10035, 10234, 'SYSTEM'),
  (10039, 10234, 'SYSTEM'),
  (10041, 10234, 'SYSTEM'),
  (10047, 10234, 'SYSTEM'),
  (10067, 10234, 'SYSTEM'),
  (10005, 10235, 'SYSTEM'),
  (10029, 10235, 'SYSTEM'),
  (10040, 10235, 'SYSTEM'),
  (10013, 10236, 'SYSTEM'),
  (10027, 10236, 'SYSTEM'),
  (10036, 10236, 'SYSTEM'),
  (10047, 10236, 'SYSTEM'),
  (10067, 10236, 'SYSTEM'),
  (10026, 10237, 'SYSTEM'),
  (10029, 10237, 'SYSTEM'),
  (10043, 10237, 'SYSTEM'),
  (10026, 10238, 'SYSTEM'),
  (10040, 10238, 'SYSTEM'),
  (10029, 10239, 'SYSTEM'),
  (10043, 10239, 'SYSTEM'),
  (10048, 10239, 'SYSTEM'),
  (10056, 10240, 'SYSTEM'),
  (10064, 10240, 'SYSTEM'),
  (10032, 10241, 'SYSTEM'),
  (10053, 10241, 'SYSTEM'),
  (10003, 10242, 'SYSTEM'),
  (10028, 10242, 'SYSTEM'),
  (10044, 10242, 'SYSTEM'),
  (10012, 10243, 'SYSTEM'),
  (10043, 10244, 'SYSTEM'),
  (10027, 10245, 'SYSTEM'),
  (10064, 10245, 'SYSTEM'),
  (10001, 10246, 'SYSTEM'),
  (10010, 10246, 'SYSTEM'),
  (10019, 10247, 'SYSTEM'),
  (10045, 10247, 'SYSTEM'),
  (10048, 10247, 'SYSTEM'),
  (10022, 10248, 'SYSTEM'),
  (10048, 10248, 'SYSTEM'),
  (10002, 10249, 'SYSTEM'),
  (10009, 10249, 'SYSTEM'),
  (10057, 10249, 'SYSTEM'),
  (10003, 10250, 'SYSTEM'),
  (10044, 10250, 'SYSTEM'),
  (10067, 10251, 'SYSTEM'),
  (10012, 10252, 'SYSTEM'),
  (10057, 10252, 'SYSTEM'),
  (10048, 10253, 'SYSTEM'),
  (10064, 10253, 'SYSTEM'),
  (10003, 10254, 'SYSTEM'),
  (10028, 10254, 'SYSTEM'),
  (10064, 10254, 'SYSTEM'),
  (10003, 10255, 'SYSTEM'),
  (10017, 10255, 'SYSTEM'),
  (10028, 10255, 'SYSTEM'),
  (10038, 10256, 'SYSTEM'),
  (10067, 10256, 'SYSTEM'),
  (10028, 10257, 'SYSTEM'),
  (10048, 10257, 'SYSTEM'),
  (10064, 10257, 'SYSTEM'),
  (10012, 10258, 'SYSTEM'),
  (10048, 10259, 'SYSTEM'),
  (10064, 10259, 'SYSTEM'),
  (10015, 10260, 'SYSTEM'),
  (10039, 10260, 'SYSTEM'),
  (10009, 10261, 'SYSTEM'),
  (10012, 10261, 'SYSTEM'),
  (10003, 10262, 'SYSTEM'),
  (10048, 10262, 'SYSTEM'),
  (10047, 10263, 'SYSTEM'),
  (10056, 10263, 'SYSTEM'),
  (10045, 10264, 'SYSTEM'),
  (10048, 10264, 'SYSTEM'),
  (10052, 10265, 'SYSTEM'),
  (10057, 10266, 'SYSTEM'),
  (10056, 10267, 'SYSTEM'),
  (10012, 10268, 'SYSTEM'),
  (10032, 10269, 'SYSTEM'),
  (10053, 10269, 'SYSTEM'),
  (10028, 10270, 'SYSTEM'),
  (10040, 10270, 'SYSTEM'),
  (10047, 10270, 'SYSTEM'),
  (10027, 10271, 'SYSTEM'),
  (10009, 10272, 'SYSTEM'),
  (10047, 10273, 'SYSTEM'),
  (10029, 10274, 'SYSTEM'),
  (10064, 10274, 'SYSTEM'),
  (10038, 10275, 'SYSTEM'),
  (10047, 10276, 'SYSTEM'),
  (10056, 10276, 'SYSTEM'),
  (10047, 10277, 'SYSTEM'),
  (10028, 10278, 'SYSTEM'),
  (10048, 10278, 'SYSTEM'),
  (10049, 10278, 'SYSTEM'),
  (10001, 10279, 'SYSTEM'),
  (10049, 10279, 'SYSTEM'),
  (10012, 10280, 'SYSTEM'),
  (10048, 10280, 'SYSTEM'),
  (10056, 10280, 'SYSTEM'),
  (10058, 10281, 'SYSTEM'),
  (10063, 10281, 'SYSTEM'),
  (10014, 10282, 'SYSTEM'),
  (10048, 10283, 'SYSTEM'),
  (10012, 10284, 'SYSTEM'),
  (10067, 10285, 'SYSTEM'),
  (10067, 10286, 'SYSTEM'),
  (10038, 10287, 'SYSTEM'),
  (10047, 10287, 'SYSTEM'),
  (10027, 10288, 'SYSTEM'),
  (10038, 10288, 'SYSTEM'),
  (10032, 10289, 'SYSTEM'),
  (10053, 10289, 'SYSTEM'),
  (10003, 10290, 'SYSTEM'),
  (10043, 10291, 'SYSTEM'),
  (10048, 10291, 'SYSTEM'),
  (10051, 10291, 'SYSTEM'),
  (10012, 10292, 'SYSTEM'),
  (10013, 10293, 'SYSTEM'),
  (10024, 10294, 'SYSTEM'),
  (10029, 10295, 'SYSTEM'),
  (10023, 10296, 'SYSTEM'),
  (10023, 10297, 'SYSTEM'),
  (10023, 10298, 'SYSTEM'),
  (10023, 10299, 'SYSTEM'),
  (10065, 10299, 'SYSTEM'),
  (10021, 10300, 'SYSTEM'),
  (10013, 10301, 'SYSTEM'),
  (10003, 10302, 'SYSTEM'),
  (10028, 10302, 'SYSTEM'),
  (10017, 10303, 'SYSTEM'),
  (10067, 10304, 'SYSTEM'),
  (10046, 10305, 'SYSTEM'),
  (10064, 10305, 'SYSTEM'),
  (10058, 10306, 'SYSTEM'),
  (10053, 10307, 'SYSTEM'),
  (10056, 10308, 'SYSTEM'),
  (10026, 10309, 'SYSTEM'),
  (10060, 10310, 'SYSTEM'),
  (10040, 10311, 'SYSTEM'),
  (10055, 10311, 'SYSTEM'),
  (10007, 10312, 'SYSTEM'),
  (10027, 10312, 'SYSTEM'),
  (10028, 10312, 'SYSTEM'),
  (10014, 10313, 'SYSTEM'),
  (10028, 10314, 'SYSTEM'),
  (10040, 10314, 'SYSTEM'),
  (10014, 10315, 'SYSTEM'),
  (10049, 10315, 'SYSTEM'),
  (10040, 10316, 'SYSTEM'),
  (10044, 10316, 'SYSTEM'),
  (10061, 10316, 'SYSTEM'),
  (10040, 10317, 'SYSTEM'),
  (10040, 10318, 'SYSTEM'),
  (10040, 10319, 'SYSTEM');

COMMIT;

-- Fin del seed. Totales:
--   plantas:        187
--   dolencias:      68
--   poha:           319
--   poha_planta:    372
--   dolencias_poha: 834